,Gender_Encoded,Plan_Encoded,Payment_Encoded,Renewal_Encoded,Usage_Encoded,Purchase_Encoded,Genre_Encoded,Device_Encoded,Engagement_Encoded,Feedback/Ratings,Customer Support Interactions,Age,Subscription Duration (Days),User_Status_Encoded
0,0,1,1,0,2,1,0,0,1,3.6,3,72,365,1
1,0,0,2,0,2,1,1,1,1,3.8,7,47,365,1
2,1,0,1,0,2,0,2,0,0,3.3,8,30,365,0
3,1,0,0,1,2,1,0,0,2,3.3,7,60,365,1
4,0,1,2,1,0,2,3,0,0,4.3,1,64,365,1
5,1,0,0,0,1,0,4,2,0,3.8,2,70,365,1
6,0,0,0,1,0,2,5,2,1,4.4,10,22,365,0
7,0,0,2,0,2,1,1,0,1,3.6,6,78,365,0
8,1,1,0,0,0,1,0,1,1,4.0,8,74,365,0
9,0,0,2,1,0,2,3,2,2,4.9,6,62,365,0
10,1,0,2,0,2,0,0,0,0,4.0,1,27,365,0
11,1,1,0,0,2,0,1,0,0,4.4,6,72,365,0
12,1,0,0,1,2,2,4,2,1,4.7,0,43,365,1
13,1,1,0,1,0,0,1,2,1,3.8,0,35,365,1
14,0,1,2,0,2,2,5,1,1,4.9,10,22,365,0
15,1,1,0,0,1,0,1,1,0,5.0,0,32,365,1
16,1,1,2,1,2,2,6,1,0,3.3,3,73,365,0
17,1,1,0,1,2,2,0,2,2,3.9,6,46,365,1
18,1,1,2,1,1,0,0,0,0,4.4,6,79,365,1
19,1,1,1,0,1,0,5,2,1,4.6,2,45,365,0
20,0,0,2,0,2,1,4,2,0,4.2,6,69,365,0
21,0,0,0,0,2,2,5,0,0,3.9,2,58,365,1
22,1,0,2,1,2,0,2,0,2,4.3,7,29,365,0
23,0,1,1,0,2,1,3,0,2,4.8,0,57,365,0
24,1,0,1,1,0,1,5,1,2,4.6,4,30,365,1
25,1,0,1,1,1,1,2,0,2,3.8,7,38,365,1
26,0,0,2,0,1,1,1,0,2,3.6,0,20,365,0
27,0,0,2,1,1,2,2,0,1,3.0,9,48,365,1
28,1,1,1,1,2,2,2,1,2,4.8,7,58,365,1
29,1,0,0,0,2,0,4,0,1,4.8,9,48,365,1
30,0,1,1,0,0,2,6,1,0,4.6,10,69,365,0
31,1,0,1,0,1,1,1,2,0,4.2,9,57,365,1
32,0,0,1,0,0,2,3,1,0,4.3,4,30,365,1
33,1,1,1,1,2,1,1,1,0,4.5,10,22,365,0
34,0,1,1,0,1,1,4,1,0,3.8,6,92,365,0
35,1,0,1,0,1,0,2,2,2,4.8,10,34,365,1
36,1,0,2,1,0,0,1,0,1,4.1,6,80,365,0
37,1,1,0,0,0,2,6,2,1,4.5,7,49,365,1
38,1,0,2,1,1,1,0,2,2,3.2,8,70,365,0
39,1,1,2,1,1,2,0,2,0,4.2,5,44,365,1
40,0,0,2,1,0,2,2,0,1,4.6,8,50,365,0
41,1,0,0,1,1,1,2,2,2,4.4,2,63,365,0
42,1,1,0,1,2,2,0,2,1,3.6,9,24,365,0
43,0,1,1,0,0,2,6,1,1,4.8,6,79,365,0
44,0,0,0,0,0,0,1,1,0,5.0,6,81,365,0
45,0,1,1,1,2,2,5,0,1,3.9,5,31,365,1
46,1,1,0,1,0,0,5,1,0,3.6,7,72,365,0
47,0,0,1,0,1,1,6,1,0,4.3,2,40,365,0
48,1,0,1,1,1,1,1,0,0,3.1,8,74,365,0
49,1,1,2,0,1,0,5,2,2,4.5,9,59,365,0
50,0,0,2,0,1,1,3,0,2,3.9,8,34,365,1
51,0,1,0,0,0,2,1,1,2,3.9,0,48,365,1
52,0,0,1,0,1,2,3,1,0,4.9,8,83,365,0
53,0,1,0,0,1,1,2,0,2,3.6,5,60,365,1
54,1,1,2,1,0,2,4,2,0,4.9,3,61,365,0
55,1,1,1,1,2,1,5,1,2,3.6,6,51,365,1
56,1,0,2,1,1,1,5,0,1,3.0,2,72,365,1
57,0,0,0,1,1,0,3,2,0,4.5,10,64,365,0
58,1,0,1,1,0,0,2,0,2,3.5,10,22,365,0
59,1,1,1,1,1,0,4,1,0,3.7,9,56,365,0
60,1,0,0,1,1,0,2,0,1,3.9,4,71,365,1
61,1,1,2,0,1,2,6,0,2,4.6,10,33,365,0
62,1,0,1,1,0,1,6,1,1,3.8,3,43,365,1
63,0,0,1,1,0,2,5,2,0,3.6,4,51,365,0
64,1,0,0,0,0,1,2,1,0,4.5,6,77,365,1
65,1,0,0,0,2,1,6,2,2,3.6,10,52,365,0
66,1,1,2,1,0,0,2,2,2,3.0,9,21,365,1
67,1,1,2,0,0,1,5,0,0,3.4,0,79,365,0
68,1,0,0,1,0,0,5,1,2,4.7,9,77,365,0
69,0,0,0,0,2,2,4,1,0,3.2,2,88,365,1
70,0,0,2,1,0,0,2,2,0,4.1,5,36,365,0
71,0,1,1,1,2,1,3,1,2,3.1,7,20,365,0
72,0,0,2,1,2,1,3,1,1,3.5,4,44,365,1
73,0,1,0,0,0,1,3,2,0,4.8,9,57,365,0
74,1,1,2,0,0,0,1,2,1,3.3,0,87,365,1
75,1,1,1,1,1,2,5,0,0,4.4,5,33,365,1
76,1,0,1,0,2,0,0,0,1,4.9,10,58,365,0
77,1,0,2,0,2,2,3,1,0,3.8,10,31,365,0
78,0,0,1,1,1,2,5,2,0,4.1,10,82,365,0
79,1,1,2,0,2,1,2,1,0,3.4,6,30,365,1
80,0,0,1,0,0,2,4,0,0,3.3,3,91,365,1
81,0,0,1,0,0,1,0,1,2,3.6,9,85,365,0
82,1,1,2,1,2,1,6,1,2,3.1,5,86,365,0
83,1,0,0,1,1,0,4,0,2,3.2,4,33,365,1
84,1,1,0,0,1,2,1,1,1,3.0,1,53,365,1
85,1,1,2,0,0,0,4,0,0,3.9,3,77,365,0
86,1,1,1,1,0,0,1,0,0,4.8,4,51,365,1
87,0,0,0,0,2,0,6,0,0,4.4,2,35,365,1
88,0,1,2,1,0,1,6,0,0,4.0,2,41,365,0
89,1,0,1,0,2,1,4,2,1,4.7,3,73,365,1
90,0,0,1,1,1,0,3,2,2,3.4,9,87,365,1
91,0,0,0,0,0,0,2,2,1,4.2,2,34,365,0
92,0,1,1,0,1,0,3,2,1,3.9,3,80,365,1
93,1,1,1,0,0,2,3,1,2,3.9,4,44,365,1
94,1,1,1,1,0,2,3,2,2,4.6,6,66,365,1
95,1,1,1,1,2,2,4,1,1,3.2,9,61,365,0
96,1,0,0,0,2,1,6,2,2,3.7,3,67,365,0
97,0,1,2,0,2,0,0,2,2,4.7,4,45,365,1
98,0,0,2,1,1,2,4,0,1,4.7,7,57,365,0
99,1,1,1,1,2,0,3,0,0,4.5,5,75,365,1
100,0,0,0,1,0,2,2,0,0,4.7,1,68,365,1
101,1,1,0,0,2,0,5,2,0,3.5,3,22,365,0
102,0,1,0,0,1,1,1,2,0,3.0,2,34,365,0
103,0,1,0,0,1,2,4,0,2,3.1,8,27,365,0
104,0,0,0,0,0,0,3,0,0,3.3,0,67,365,1
105,0,1,1,1,1,1,2,1,2,3.4,10,51,365,1
106,1,1,1,0,0,2,0,2,0,3.3,7,76,365,1
107,1,0,0,0,2,2,4,2,1,3.2,7,81,365,0
108,0,1,2,1,1,2,1,2,1,3.2,2,51,365,1
109,0,0,0,0,1,2,5,2,1,4.9,0,43,365,1
110,0,1,0,0,2,1,3,1,2,3.4,7,71,365,0
111,1,1,2,0,0,2,1,2,1,4.1,2,43,365,0
112,0,0,2,1,0,2,5,0,1,4.9,3,36,365,1
113,0,1,0,1,0,0,5,1,2,3.4,9,57,365,1
114,1,0,2,0,1,2,1,1,1,4.4,4,43,365,0
115,1,0,1,1,2,2,4,2,0,3.8,3,44,365,0
116,1,1,1,1,0,2,4,2,0,4.5,6,46,365,0
117,1,0,0,1,2,1,0,0,2,3.6,0,80,365,1
118,1,1,1,1,2,0,2,1,1,4.5,7,87,365,1
119,1,1,0,1,0,1,4,0,2,4.1,3,34,365,1
120,0,1,2,0,0,0,3,1,2,4.2,2,33,365,0
121,0,0,2,0,1,1,6,1,0,3.3,7,57,365,0
122,1,1,0,1,2,0,3,0,2,3.2,2,89,365,1
123,0,1,0,1,2,1,5,2,0,4.7,8,78,365,1
124,0,1,2,0,0,1,3,2,1,4.6,2,35,365,1
125,0,1,2,0,2,1,1,2,0,4.9,7,40,365,0
126,1,1,1,1,0,2,6,0,0,3.2,10,19,365,0
127,0,0,2,0,0,1,2,1,1,4.4,9,40,365,0
128,0,0,0,1,2,1,0,2,2,4.6,6,33,365,0
129,1,1,1,0,1,1,5,2,1,4.4,3,71,365,1
130,0,0,1,0,1,2,2,0,2,3.1,10,53,365,1
131,1,1,0,0,1,1,2,2,1,3.4,1,55,365,1
132,0,0,1,0,1,2,4,1,1,4.9,3,77,365,0
133,1,0,2,1,0,1,1,0,1,4.5,6,39,365,1
134,0,0,1,1,0,0,0,0,1,4.3,7,21,365,1
135,1,1,1,0,1,1,5,0,2,3.5,2,61,365,0
136,0,0,2,1,0,1,4,0,0,3.5,4,71,365,0
137,1,1,0,0,1,1,0,2,1,3.0,4,66,365,0
138,1,1,1,0,1,1,0,2,1,4.6,9,34,365,0
139,0,1,1,0,0,2,3,2,2,3.8,5,50,365,1
140,0,1,1,0,2,2,4,2,0,4.9,0,21,365,1
141,1,0,1,0,1,2,3,2,2,3.7,3,75,365,0
142,1,1,2,0,1,0,6,1,1,4.6,1,87,365,0
143,0,0,0,0,0,1,2,2,1,4.5,7,29,365,0
144,0,1,2,1,0,2,3,1,1,4.2,1,78,365,1
145,0,0,1,1,1,0,3,0,1,4.4,0,44,365,0
146,0,0,0,1,1,1,5,0,0,4.2,4,32,365,1
147,0,0,2,0,2,0,1,0,0,4.3,0,45,365,0
148,0,1,2,1,0,1,0,0,1,4.2,8,53,365,0
149,1,1,0,0,1,1,1,1,2,3.9,7,30,365,0
150,0,1,2,0,0,0,3,0,2,4.8,5,36,365,0
151,1,1,2,0,0,2,0,1,2,3.3,9,40,365,1
152,1,0,1,0,0,0,1,2,2,3.7,9,34,365,0
153,0,0,1,1,0,1,0,2,1,4.3,0,77,365,1
154,0,0,1,1,2,0,1,0,2,4.6,5,25,365,0
155,0,1,1,0,1,0,5,1,1,4.1,5,36,365,0
156,0,1,1,1,0,2,6,1,2,4.5,7,47,365,0
157,0,0,1,1,0,1,0,2,1,4.4,9,42,365,0
158,1,0,1,1,1,0,1,2,2,4.8,2,51,365,1
159,1,0,2,1,2,1,5,0,1,3.8,9,90,365,1
160,1,0,0,1,2,2,6,0,0,3.1,4,32,365,0
161,0,1,2,1,1,0,6,2,1,4.0,10,59,365,0
162,0,0,2,1,2,2,2,2,1,3.4,0,39,365,1
163,1,0,1,1,2,2,5,0,0,3.8,1,23,365,0
164,0,1,0,0,1,1,6,0,1,3.3,7,72,365,1
165,1,0,2,0,0,2,2,2,0,4.3,3,42,365,0
166,0,0,1,0,0,0,2,1,0,3.3,2,84,365,0
167,1,1,2,0,0,2,2,2,0,4.8,2,49,365,1
168,0,1,0,0,1,0,5,1,0,3.9,1,55,365,0
169,0,1,1,1,0,0,4,2,1,3.3,10,48,365,1
170,0,0,0,1,0,2,6,2,1,3.8,8,81,365,0
171,1,0,2,1,1,1,0,2,1,4.7,9,60,365,0
172,0,0,2,0,2,2,1,1,1,3.7,5,54,365,0
173,1,1,1,1,1,2,2,0,0,4.2,0,36,365,0
174,1,1,2,0,1,1,3,2,1,4.8,7,75,365,1
175,1,0,1,1,0,0,1,0,2,3.3,8,39,365,1
176,1,0,1,1,1,1,6,1,2,3.4,0,53,365,0
177,0,0,1,0,2,2,1,2,2,3.2,1,35,365,0
178,1,1,0,0,0,1,3,1,1,4.5,6,76,365,0
179,1,0,1,1,2,2,0,1,1,3.4,10,81,365,0
180,0,0,1,0,0,2,2,1,2,4.9,7,29,365,0
181,0,1,2,1,1,1,0,0,2,4.3,0,25,365,0
182,1,0,1,1,0,0,4,1,2,3.1,8,83,365,1
183,0,1,0,0,1,0,3,0,2,4.8,9,73,365,0
184,1,1,0,1,0,2,1,2,2,4.3,9,32,365,1
185,0,0,2,0,1,2,2,1,1,3.9,8,71,365,0
186,1,1,0,0,2,0,3,0,0,4.8,9,22,365,0
187,0,1,2,1,2,0,2,2,2,4.1,10,28,365,0
188,1,1,1,1,2,0,1,1,2,4.7,3,85,365,1
189,0,0,1,1,2,0,6,2,0,3.3,10,48,365,1
190,0,0,2,1,2,1,5,0,0,5.0,5,31,365,0
191,1,1,2,1,2,0,5,0,2,3.5,5,78,365,0
192,1,0,1,1,1,2,0,2,2,4.2,4,86,365,1
193,1,0,1,0,2,1,4,2,0,4.1,5,50,365,1
194,1,0,1,1,1,2,6,2,1,4.3,7,78,365,0
195,0,1,0,0,1,0,1,1,0,3.8,10,34,365,1
196,0,1,1,0,0,2,0,1,0,3.2,9,58,365,0
197,0,0,2,0,0,2,6,0,0,3.2,7,24,365,0
198,0,0,0,0,0,2,4,1,2,4.7,5,58,365,0
199,1,1,0,1,2,0,4,1,2,4.1,8,88,365,1
200,1,1,0,0,2,2,3,1,2,4.4,7,43,365,0
201,0,1,0,1,1,2,0,1,1,4.7,10,35,365,0
202,0,0,1,1,1,1,0,2,1,4.3,9,35,365,1
203,1,0,2,0,0,0,5,0,1,4.8,5,45,365,0
204,0,1,1,1,1,0,3,1,2,3.7,7,86,365,1
205,1,1,0,1,0,1,6,2,1,4.7,4,63,365,1
206,1,1,2,1,1,0,0,0,2,4.8,3,48,365,0
207,1,1,1,1,2,1,3,2,0,4.2,5,64,365,1
208,0,1,1,0,2,0,5,0,0,3.5,6,75,365,0
209,0,1,2,1,2,1,6,1,0,3.5,9,28,365,0
210,0,0,1,0,0,1,2,1,1,4.1,6,87,365,1
211,1,1,2,1,0,1,6,1,1,4.8,10,66,365,0
212,0,1,0,0,1,1,6,1,0,3.0,10,84,365,1
213,0,0,1,0,0,1,1,1,2,3.1,0,41,365,1
214,1,0,2,1,2,2,6,2,1,4.3,9,56,365,0
215,0,0,0,1,0,0,4,0,1,3.6,7,33,365,1
216,1,0,0,0,2,2,0,1,0,4.6,7,89,365,0
217,1,0,0,0,0,1,6,1,0,3.1,0,70,365,1
218,0,0,2,0,2,1,0,1,2,4.6,3,62,365,1
219,1,0,1,0,1,1,4,2,2,3.8,5,21,365,1
220,0,1,0,1,0,0,0,2,1,3.9,1,51,365,0
221,0,1,2,0,1,1,3,1,0,4.1,7,40,365,0
222,0,1,1,0,0,1,5,1,0,4.2,4,38,365,0
223,0,1,0,1,0,0,4,2,2,3.7,5,91,365,1
224,0,1,2,1,1,1,5,0,0,4.2,8,31,365,0
225,0,0,1,1,2,2,1,0,2,3.2,0,45,365,0
226,1,1,0,0,0,2,5,2,2,4.6,7,30,365,1
227,0,1,2,1,1,2,2,1,1,3.8,0,32,365,0
228,0,1,2,0,1,1,5,2,0,3.0,3,59,365,1
229,0,0,2,0,0,1,1,2,1,3.6,7,73,365,0
230,0,1,2,0,1,1,4,2,2,4.5,4,37,365,0
231,1,1,1,0,0,2,1,2,1,3.2,6,64,365,0
232,0,1,2,1,2,0,4,1,0,3.2,0,24,365,1
233,0,0,1,0,2,2,1,2,2,4.5,0,30,365,1
234,0,1,2,1,0,0,0,1,2,4.5,4,22,365,1
235,0,0,1,0,1,2,0,2,2,4.1,1,81,365,0
236,1,0,0,0,1,1,0,1,2,4.9,2,40,365,0
237,1,1,0,1,0,2,3,1,1,3.3,1,58,365,1
238,0,0,1,0,0,2,4,2,1,3.5,7,57,365,0
239,1,1,1,1,2,2,1,0,1,4.4,0,34,365,1
240,1,1,2,1,2,1,6,1,1,4.5,1,35,365,1
241,0,0,1,1,0,1,2,0,2,4.0,7,59,365,1
242,1,1,2,0,1,1,3,0,0,4.1,2,25,365,0
243,1,0,1,1,0,1,0,0,1,4.4,4,91,365,0
244,1,0,1,0,2,1,3,0,0,3.6,7,60,365,0
245,0,0,0,0,0,0,2,1,2,4.0,10,77,365,0
246,0,1,2,0,0,0,3,1,0,3.5,7,26,365,0
247,1,1,1,1,2,1,3,0,2,3.5,3,54,365,1
248,0,0,1,0,2,1,6,2,0,3.4,0,31,365,1
249,0,0,2,1,2,1,1,1,2,4.6,3,89,365,0
250,0,1,0,1,0,1,3,2,1,4.5,2,85,365,1
251,0,0,0,1,2,2,6,1,1,4.8,1,37,365,1
252,0,1,0,1,0,2,5,1,2,3.6,0,91,365,1
253,1,1,2,1,0,2,2,0,0,4.3,3,60,365,0
254,0,1,2,0,2,2,1,2,2,3.5,7,89,365,0
255,1,0,0,0,1,0,5,2,0,3.4,4,21,365,1
256,0,1,1,1,1,1,3,0,1,4.9,7,23,365,1
257,1,1,0,1,1,2,5,0,1,4.9,3,78,365,0
258,1,1,1,0,0,1,4,0,2,4.1,2,20,365,1
259,1,0,2,1,0,2,5,2,2,4.1,5,86,365,1
260,0,1,2,0,0,2,0,1,1,4.9,2,90,365,0
261,1,0,0,1,0,2,5,2,2,4.7,8,64,365,0
262,0,0,1,0,0,2,6,0,1,3.2,0,67,365,1
263,1,0,0,0,1,0,2,0,1,3.1,9,48,365,0
264,1,1,0,1,0,1,0,1,1,3.9,6,60,365,0
265,1,1,0,1,2,0,6,2,2,4.5,3,53,365,0
266,1,1,2,1,2,2,0,1,2,4.7,9,63,365,1
267,0,1,1,1,0,1,4,2,1,3.3,4,57,365,1
268,1,0,2,1,2,0,3,0,1,4.7,5,85,365,0
269,0,0,2,1,0,1,6,1,1,3.1,5,82,365,0
270,1,1,0,0,2,1,3,0,0,3.5,1,23,365,0
271,0,0,2,0,2,0,0,1,2,3.3,6,28,365,1
272,1,0,0,0,2,2,4,0,2,4.7,4,64,365,0
273,0,1,2,0,1,1,1,1,1,3.7,3,69,365,1
274,1,0,0,0,0,1,6,1,0,4.6,9,31,365,0
275,0,1,1,1,1,2,1,1,2,5.0,7,20,365,1
276,0,1,1,0,2,1,0,0,0,4.2,10,68,365,1
277,1,0,1,0,0,1,1,2,0,4.6,8,38,365,0
278,1,1,0,1,1,0,2,2,2,4.4,9,33,365,0
279,0,0,2,0,1,2,0,1,1,4.4,6,58,365,0
280,0,1,1,0,1,2,0,0,0,4.1,5,79,365,0
281,1,0,2,0,0,2,4,0,0,4.1,7,75,365,0
282,0,0,2,0,1,1,1,0,1,4.9,8,27,365,0
283,0,1,2,0,1,1,1,1,1,4.7,1,40,365,0
284,1,1,1,1,1,0,0,0,0,3.1,2,33,365,0
285,1,1,0,0,2,2,0,2,1,3.7,9,31,365,1
286,1,1,2,0,2,2,4,2,1,4.9,1,44,365,1
287,1,1,2,1,0,0,5,2,2,4.4,6,84,365,0
288,0,0,1,0,2,2,0,2,2,3.6,8,55,365,1
289,0,0,1,0,2,1,2,2,0,4.9,6,79,365,0
290,0,1,2,1,1,0,1,2,1,3.0,2,24,365,1
291,1,0,2,0,0,2,2,0,2,3.8,9,30,365,0
292,1,0,2,0,0,0,2,1,2,3.8,4,28,365,1
293,0,0,1,0,2,1,5,1,0,3.8,10,28,365,1
294,1,1,0,0,0,2,5,0,2,3.2,8,48,365,1
295,0,1,1,0,1,2,1,1,0,4.9,8,60,365,0
296,1,0,2,0,2,1,4,0,0,4.8,0,74,365,0
297,0,1,1,0,1,0,3,0,0,5.0,9,85,365,0
298,1,0,0,0,2,0,4,2,0,3.9,9,31,365,0
299,1,1,1,0,0,1,0,2,0,3.7,2,24,365,1
300,0,0,1,1,2,0,1,2,2,4.5,9,50,365,1
301,0,0,0,0,2,0,2,1,2,3.6,9,78,365,0
302,1,1,1,1,0,2,6,2,2,4.4,1,79,365,0
303,1,1,2,1,0,2,3,1,0,4.5,4,44,365,0
304,1,0,0,1,0,0,4,2,1,4.6,10,78,365,1
305,1,0,0,0,2,1,2,2,2,4.4,0,32,365,1
306,1,0,2,0,1,2,3,2,0,3.2,8,21,365,1
307,0,1,2,0,1,2,0,2,2,4.7,8,19,365,1
308,0,1,0,0,0,1,1,1,0,3.8,8,53,365,0
309,1,0,0,0,2,1,0,1,1,4.0,3,36,365,1
310,1,0,1,0,2,2,0,2,2,4.9,5,39,365,1
311,0,1,2,1,1,0,6,2,1,3.4,2,29,365,1
312,1,0,0,0,1,0,1,2,0,3.3,4,45,365,0
313,0,0,1,1,0,0,0,1,2,3.6,1,27,365,0
314,0,0,0,1,1,0,5,0,1,4.3,8,89,365,1
315,1,1,1,1,2,0,4,0,2,3.4,4,88,365,0
316,1,0,0,0,0,2,3,1,1,4.2,1,72,365,0
317,0,0,1,1,1,1,6,2,2,4.4,10,73,365,1
318,1,1,0,1,1,1,3,2,0,4.1,4,46,365,1
319,0,1,2,0,0,0,3,2,1,3.6,5,61,365,1
320,1,0,1,1,0,0,2,2,1,3.4,10,66,365,0
321,0,1,1,1,2,0,6,0,2,3.4,8,30,365,1
322,0,1,1,0,0,2,2,2,1,4.2,0,19,365,0
323,0,0,0,0,2,1,1,1,0,4.0,9,64,365,0
324,0,1,2,1,1,2,3,2,0,3.1,10,59,365,1
325,1,0,0,0,0,0,4,0,0,5.0,10,56,365,0
326,1,0,0,0,2,1,3,0,1,3.6,5,35,365,0
327,0,0,0,1,2,0,0,0,1,3.9,3,27,365,0
328,1,0,2,1,0,0,0,0,0,3.8,8,30,365,0
329,0,1,2,1,0,1,5,0,1,3.7,7,37,365,0
330,0,1,1,0,2,0,2,1,1,3.4,8,80,365,0
331,1,0,0,1,1,0,1,2,1,3.1,1,72,365,1
332,1,0,0,0,1,2,2,1,1,4.8,6,75,365,1
333,0,0,2,1,0,1,6,1,1,5.0,9,57,365,1
334,0,0,2,1,2,2,6,0,2,3.8,7,39,365,1
335,1,1,2,1,2,0,3,2,0,5.0,4,29,365,0
336,0,1,2,1,1,0,3,1,2,3.7,10,52,365,1
337,0,0,1,0,0,0,0,0,1,3.8,3,35,365,1
338,1,1,1,1,0,1,4,2,2,5.0,8,51,365,1
339,1,0,0,1,2,0,4,1,1,3.8,1,64,365,1
340,1,1,1,1,2,1,1,1,0,3.0,9,88,365,0
341,1,0,1,0,0,0,6,0,0,3.5,3,57,365,1
342,0,1,0,0,1,0,0,2,0,4.3,4,90,365,0
343,1,1,2,0,1,2,6,2,2,3.3,6,31,365,0
344,0,1,1,1,0,0,2,1,0,3.6,3,30,365,1
345,0,0,2,1,2,1,3,2,2,4.0,2,84,365,0
346,0,0,1,0,1,0,3,2,2,3.2,10,74,365,1
347,1,1,2,0,0,0,6,0,1,3.9,3,77,365,0
348,0,0,0,0,2,0,0,1,0,4.9,0,49,365,0
349,1,1,2,1,2,0,2,0,1,4.5,8,44,365,0
350,1,1,2,1,2,1,1,2,2,4.0,5,89,365,1
351,0,1,2,1,1,1,4,2,1,4.1,3,20,365,0
352,0,0,1,0,0,2,6,1,1,4.9,2,58,365,0
353,1,0,2,0,1,2,5,2,2,4.6,6,87,365,1
354,0,1,1,0,2,0,6,2,2,4.8,9,47,365,0
355,1,0,0,0,0,1,5,1,0,3.8,7,41,365,0
356,1,0,0,0,1,0,2,2,0,4.2,5,84,365,1
357,1,0,0,0,2,1,6,0,0,3.8,1,70,365,0
358,0,1,2,1,2,0,5,0,1,3.1,9,81,365,0
359,1,1,1,0,2,0,1,0,0,3.8,3,46,365,1
360,1,1,0,1,0,0,0,1,0,4.1,5,41,365,1
361,1,0,0,0,2,0,3,2,1,3.0,2,35,365,1
362,1,1,2,1,0,0,5,1,1,4.4,4,33,365,1
363,1,0,0,0,1,2,1,2,0,3.9,2,84,365,0
364,1,1,0,1,1,1,4,1,2,3.7,8,78,365,1
365,1,1,1,0,0,2,5,1,0,3.1,9,25,365,0
366,1,1,0,0,1,2,6,1,2,3.7,3,40,365,0
367,0,1,1,0,2,1,4,2,0,4.5,2,35,365,0
368,1,1,0,1,0,0,1,1,1,3.8,1,25,365,1
369,1,1,2,1,0,0,1,1,0,4.9,5,50,365,1
370,1,1,1,1,2,2,1,2,0,4.2,10,63,365,0
371,1,1,0,0,1,1,2,0,1,4.6,5,65,365,1
372,0,0,2,0,2,1,4,0,1,4.6,4,57,365,0
373,0,1,2,0,2,2,5,0,1,3.9,4,62,365,1
374,1,0,1,1,2,0,5,1,1,3.7,3,50,365,1
375,1,1,0,1,2,1,2,0,0,4.8,10,58,365,1
376,1,0,2,0,2,0,2,1,2,4.8,7,62,365,0
377,1,0,2,1,0,1,4,1,1,3.5,8,63,365,1
378,0,0,0,0,0,2,6,2,0,4.7,3,53,365,0
379,1,0,0,1,0,1,1,1,2,4.8,4,74,365,0
380,0,0,2,0,1,0,1,1,2,4.4,6,86,365,0
381,0,0,1,1,1,0,4,2,0,4.1,8,83,365,1
382,1,0,1,0,0,1,2,2,2,4.7,4,27,365,0
383,1,1,1,1,0,1,1,2,1,3.4,0,68,365,0
384,1,1,1,0,1,0,2,1,0,3.9,3,49,365,1
385,0,1,2,1,0,2,3,1,0,4.5,9,44,365,1
386,0,1,0,1,1,2,2,1,0,3.1,6,68,365,1
387,1,1,1,1,0,1,1,1,2,3.2,1,22,365,1
388,0,1,0,0,1,2,1,0,0,3.7,9,44,365,0
389,0,0,1,1,2,2,3,0,2,4.7,7,64,365,1
390,0,0,1,1,0,0,5,0,2,3.8,4,66,365,0
391,0,1,2,0,1,2,2,1,1,4.8,9,69,365,0
392,0,1,2,1,0,0,6,1,2,5.0,6,60,365,0
393,1,1,0,1,1,1,1,1,1,4.5,9,62,365,1
394,0,0,0,1,0,2,1,0,1,3.1,10,23,365,0
395,0,1,1,1,2,1,3,0,0,3.2,0,81,365,0
396,0,1,2,0,0,1,1,2,1,4.5,1,67,365,0
397,1,0,2,0,2,2,1,0,0,4.7,4,63,365,1
398,0,0,2,1,0,0,6,0,2,3.2,2,62,365,1
399,0,1,0,0,1,2,2,0,2,4.4,7,39,365,0
400,0,0,2,0,1,0,6,1,2,4.8,2,30,365,1
401,1,1,0,1,0,1,0,1,2,4.0,6,21,365,0
402,0,0,0,0,1,0,5,2,1,4.2,0,26,365,1
403,1,1,2,0,0,2,3,0,2,4.7,5,82,365,0
404,0,0,1,1,1,1,1,1,0,3.1,0,22,365,1
405,0,0,1,0,0,2,4,1,0,3.1,4,71,365,1
406,1,0,2,1,2,0,1,2,1,4.1,0,84,365,1
407,1,1,1,1,0,1,6,2,2,4.1,9,74,365,1
408,1,0,1,0,2,2,0,2,0,4.1,9,66,365,0
409,1,0,0,1,2,1,2,1,1,4.6,6,60,365,1
410,1,0,1,1,1,2,1,1,1,4.4,8,68,365,1
411,0,1,0,1,2,1,4,2,2,3.5,3,91,365,0
412,0,0,2,1,0,1,2,1,2,4.7,1,54,365,0
413,0,1,2,1,1,0,2,0,2,4.7,7,50,365,0
414,1,1,0,0,1,2,3,1,2,3.3,6,50,365,0
415,0,0,0,0,0,1,0,1,2,3.5,1,43,365,0
416,0,0,2,0,2,0,5,1,2,3.4,6,38,365,1
417,0,0,1,0,0,0,6,0,2,3.5,2,57,365,0
418,1,0,0,0,2,1,2,1,2,3.5,10,39,365,0
419,0,0,2,0,1,0,4,1,0,4.7,6,85,365,0
420,1,1,0,0,1,1,3,0,0,3.9,1,26,365,0
421,0,0,2,1,2,0,2,0,0,4.3,4,69,365,1
422,0,1,1,1,0,2,1,2,1,4.5,7,38,365,0
423,1,1,1,1,1,1,5,2,2,3.1,2,57,365,0
424,0,0,2,0,1,2,5,1,0,4.8,4,80,365,0
425,0,0,0,1,2,2,6,2,0,4.8,9,55,365,1
426,1,1,1,0,2,0,3,2,0,3.8,5,83,365,0
427,0,1,0,1,0,1,3,1,2,4.6,6,24,365,1
428,0,1,1,0,2,1,4,1,1,3.0,9,69,365,1
429,0,0,1,1,0,1,6,1,1,3.1,4,26,365,0
430,0,1,0,0,1,2,1,1,2,4.3,4,69,365,1
431,1,0,1,1,0,1,4,0,2,4.7,6,81,365,0
432,0,1,0,0,2,2,5,2,1,4.0,4,35,365,0
433,1,1,1,1,2,0,3,0,0,4.0,10,69,365,1
434,1,1,0,1,1,1,3,0,2,3.9,5,30,365,0
435,1,1,2,0,2,2,0,1,1,4.8,0,63,365,1
436,1,1,1,1,2,1,4,1,1,4.6,9,58,365,0
437,0,1,1,1,2,2,4,2,0,4.7,3,38,365,1
438,0,0,1,0,1,1,4,0,1,4.5,7,56,365,0
439,0,1,2,0,0,0,2,2,2,5.0,7,77,365,0
440,0,0,1,1,0,1,1,0,2,3.5,4,30,365,1
441,1,1,0,0,2,1,5,1,0,4.9,2,49,365,0
442,0,1,1,1,2,0,6,0,2,4.6,9,49,365,1
443,0,1,0,0,0,0,6,0,1,3.5,5,68,365,1
444,1,1,0,1,1,1,4,1,1,3.1,0,82,365,0
445,0,1,1,1,2,1,6,1,1,3.4,7,88,365,0
446,0,0,1,0,1,1,6,1,1,4.1,10,24,365,1
447,1,1,2,1,0,1,6,1,1,3.8,7,81,365,1
448,1,1,1,0,2,2,4,0,2,3.8,7,69,365,0
449,1,1,0,0,0,1,3,1,0,4.1,4,89,365,0
450,0,1,1,0,2,1,3,2,1,4.7,2,91,365,0
451,0,1,1,0,1,1,4,1,2,3.5,10,68,365,0
452,0,1,1,1,1,1,5,2,0,5.0,1,42,365,1
453,1,0,2,1,0,1,4,1,2,4.2,5,36,365,1
454,1,1,2,1,0,1,3,1,2,3.3,6,85,365,1
455,0,1,2,0,2,1,3,1,0,4.3,8,35,365,0
456,1,0,2,0,0,0,0,0,2,4.3,1,71,365,0
457,0,0,2,0,1,0,3,2,1,4.3,9,19,365,0
458,1,1,2,0,2,0,2,0,2,4.4,1,39,365,0
459,0,0,0,0,1,2,0,2,2,3.1,10,58,365,1
460,0,1,2,0,0,1,6,1,0,4.3,0,56,365,0
461,0,1,2,1,1,2,0,0,0,3.2,6,50,365,0
462,0,0,1,0,2,1,2,0,1,3.2,3,51,365,0
463,1,0,0,1,2,2,5,1,2,4.8,3,80,365,1
464,1,1,1,1,1,2,4,2,0,4.3,9,44,365,1
465,1,0,1,0,1,0,4,2,2,3.8,0,37,365,0
466,1,1,0,0,2,0,5,1,2,4.8,6,27,365,1
467,1,1,1,1,1,1,4,2,1,4.8,2,35,365,1
468,1,0,1,1,2,2,0,0,1,3.6,9,39,365,1
469,0,1,0,0,0,0,0,1,0,4.5,10,55,365,1
470,1,1,0,0,0,0,2,0,0,4.7,0,24,365,0
471,1,1,0,0,2,2,3,2,1,4.7,2,72,365,0
472,0,0,2,1,2,0,2,0,0,3.9,3,63,365,1
473,0,0,1,0,2,1,4,0,2,4.9,7,43,365,1
474,1,0,0,0,1,1,5,1,0,3.1,1,80,365,0
475,0,1,2,0,0,2,3,1,1,4.0,4,51,365,1
476,1,0,1,0,1,2,0,2,2,4.3,2,19,365,0
477,1,0,1,0,2,0,6,0,2,4.0,6,51,365,0
478,1,1,2,0,2,1,0,0,2,4.1,6,41,365,1
479,1,1,1,1,2,0,3,0,2,4.7,10,19,365,1
480,1,0,2,1,1,0,3,1,2,3.6,6,33,365,0
481,1,0,2,1,0,1,3,0,0,4.8,5,82,365,1
482,1,0,0,0,1,0,0,2,1,3.2,8,61,365,0
483,1,0,0,0,1,1,4,0,2,4.9,6,32,365,0
484,1,0,1,1,1,1,1,2,2,3.0,1,68,365,0
485,0,1,0,0,2,1,5,0,2,4.7,10,55,365,0
486,1,0,0,1,2,0,3,2,1,4.2,7,25,365,0
487,0,0,0,0,0,2,6,2,1,4.0,2,65,365,0
488,0,0,0,1,1,2,2,2,0,4.6,3,82,365,0
489,0,1,0,0,1,1,5,2,2,3.6,1,30,365,1
490,0,1,2,1,2,2,3,2,0,3.9,1,74,365,0
491,0,0,2,1,1,0,1,2,2,4.9,1,43,365,0
492,1,1,2,0,0,1,3,2,2,3.4,2,39,365,1
493,1,0,1,1,2,1,3,2,1,3.2,0,78,365,1
494,0,1,1,1,0,2,5,2,1,3.1,2,60,365,1
495,0,0,2,0,1,2,3,1,2,3.5,4,49,365,0
496,1,1,2,0,1,1,6,1,2,4.4,2,46,365,0
497,1,0,2,1,0,1,4,1,1,5.0,6,59,365,0
498,1,0,2,0,0,2,6,2,2,4.4,9,55,365,1
499,1,0,1,1,1,1,5,0,1,3.2,2,82,365,0
500,0,1,1,0,0,1,2,1,0,5.0,10,92,365,0
501,1,1,1,1,2,0,4,1,0,3.8,7,77,365,1
502,0,1,2,1,0,1,3,2,0,4.2,3,68,365,0
503,1,0,2,0,0,0,5,2,2,3.8,3,27,365,0
504,0,1,2,1,0,1,1,1,0,4.3,5,36,365,1
505,1,1,2,0,0,2,5,1,2,4.4,9,47,365,0
506,1,1,2,0,1,2,6,0,1,4.3,6,20,365,0
507,1,0,2,0,1,2,2,1,2,3.0,6,52,365,0
508,1,0,1,0,0,2,1,2,0,4.4,1,43,365,0
509,1,0,2,1,0,1,4,1,2,3.7,10,41,365,0
510,1,0,2,1,0,0,2,1,2,3.2,2,22,365,0
511,0,1,2,0,1,1,1,0,1,4.4,10,63,365,1
512,1,1,0,0,0,2,2,2,0,4.1,8,33,365,1
513,0,1,1,1,1,1,5,2,1,3.1,7,28,365,0
514,0,0,0,1,2,2,4,1,1,4.2,3,79,365,1
515,1,1,0,0,0,2,0,2,0,4.4,5,19,365,1
516,0,1,2,1,1,2,2,0,0,3.2,7,58,365,0
517,0,1,1,1,2,1,6,0,1,3.9,8,55,365,1
518,0,0,2,0,1,0,4,1,1,3.2,7,35,365,1
519,0,0,1,1,1,0,4,2,1,4.8,9,74,365,0
520,1,0,2,1,2,2,5,0,0,4.5,1,67,365,1
521,1,1,1,0,1,0,3,2,0,3.2,0,22,365,1
522,0,0,0,0,0,0,1,2,0,3.5,7,34,365,0
523,1,1,1,1,1,2,0,1,2,3.3,7,80,365,0
524,1,0,1,1,1,2,1,2,0,4.1,10,43,365,1
525,1,0,1,0,1,1,2,0,2,4.7,8,45,365,0
526,1,1,0,1,2,0,4,0,2,3.6,3,77,365,1
527,0,1,2,1,0,2,4,2,0,3.4,10,62,365,1
528,1,1,2,0,1,0,6,2,2,3.9,10,50,365,1
529,1,0,2,1,0,1,2,2,2,4.5,7,92,365,0
530,1,0,1,1,0,2,1,0,0,3.6,7,74,365,1
531,0,0,0,1,0,0,5,2,0,3.3,8,70,365,1
532,1,1,1,1,0,2,0,1,2,3.5,4,56,365,0
533,0,0,1,1,1,1,5,0,0,4.9,5,39,365,1
534,0,1,0,1,2,2,0,2,0,3.4,5,86,365,1
535,1,0,2,1,0,2,0,1,1,4.2,3,58,365,1
536,0,0,2,1,2,1,1,2,2,3.6,8,43,365,1
537,1,0,1,0,0,1,0,2,1,3.4,10,64,365,0
538,0,1,2,1,1,0,0,0,1,4.3,5,45,365,0
539,0,0,2,0,0,0,1,1,1,3.9,7,65,365,1
540,1,1,2,1,0,0,2,1,0,4.6,8,73,365,1
541,1,0,0,0,1,0,2,2,2,4.4,7,61,365,0
542,0,0,0,0,2,0,0,1,2,3.5,10,55,365,0
543,1,1,2,1,1,1,1,0,1,4.6,0,19,365,1
544,0,1,1,0,1,0,0,2,1,4.0,6,46,365,0
545,0,1,2,0,2,2,3,2,0,3.5,8,53,365,0
546,0,0,1,0,1,0,1,1,0,3.7,4,87,365,0
547,0,0,2,0,2,1,4,0,1,4.7,10,65,365,0
548,1,0,2,0,2,2,2,0,1,4.3,3,67,365,0
549,0,0,2,0,2,1,1,1,0,3.3,2,48,365,0
550,1,0,0,0,0,2,3,2,0,4.1,9,71,365,1
551,1,1,1,0,2,1,3,1,0,3.1,3,30,365,0
552,0,0,1,0,2,1,4,2,1,4.9,8,35,365,1
553,0,0,1,1,1,1,6,0,1,3.0,10,84,365,1
554,1,0,1,0,1,2,6,1,1,4.7,1,39,365,0
555,1,1,2,1,1,1,2,2,0,4.6,7,38,365,1
556,0,0,2,1,2,0,0,0,2,4.4,3,51,365,0
557,0,1,1,1,1,1,3,0,0,4.7,6,28,365,1
558,1,0,2,1,2,2,1,0,1,5.0,2,88,365,0
559,1,1,0,0,0,0,4,0,2,4.0,7,32,365,0
560,0,0,1,0,0,1,4,2,1,3.6,8,48,365,0
561,1,0,0,1,0,2,6,2,0,4.9,10,70,365,1
562,1,0,0,0,0,2,2,0,1,3.2,4,53,365,0
563,0,1,1,0,2,2,6,2,2,3.3,1,56,365,1
564,1,0,2,0,2,0,3,1,1,4.9,7,38,365,0
565,0,0,0,0,2,2,6,2,0,3.6,5,91,365,0
566,0,1,1,0,0,0,4,0,2,3.4,10,72,365,1
567,0,1,0,1,1,0,5,2,0,4.1,4,26,365,0
568,1,0,1,0,2,0,0,2,2,4.3,7,72,365,1
569,0,1,0,1,0,0,2,1,2,4.0,5,43,365,0
570,1,0,2,0,2,1,3,2,2,4.1,6,36,365,1
571,1,1,1,1,0,1,0,2,0,4.9,8,47,365,0
572,1,0,1,0,1,2,0,1,2,4.0,10,56,365,1
573,1,1,1,0,0,1,6,2,2,4.0,4,90,365,0
574,0,1,2,1,2,1,3,1,2,5.0,1,49,365,0
575,0,1,0,0,0,0,2,0,1,4.9,1,26,365,0
576,1,0,0,1,2,0,1,2,0,4.0,8,86,365,0
577,0,0,2,1,1,0,2,1,1,4.2,7,69,365,1
578,1,0,0,1,0,2,6,2,1,3.9,6,32,365,0
579,1,1,1,0,1,2,0,2,0,4.1,6,69,365,1
580,1,0,2,1,0,1,4,0,1,3.2,5,72,365,1
581,0,0,2,0,1,0,6,2,0,4.2,7,53,365,1
582,1,0,0,0,1,0,0,1,2,4.2,3,50,365,1
583,0,0,2,1,0,1,4,0,0,4.0,4,46,365,1
584,1,0,1,0,1,0,1,0,2,4.2,3,75,365,0
585,0,0,2,0,2,0,1,2,2,4.5,2,90,365,1
586,0,0,0,1,1,0,2,1,1,3.5,5,54,365,0
587,0,1,0,0,2,1,5,1,2,4.2,3,70,365,1
588,1,1,0,1,0,1,2,1,0,4.8,5,85,365,0
589,0,0,1,0,1,1,0,2,2,4.7,5,52,365,0
590,1,0,0,1,0,1,5,1,0,4.3,5,58,365,0
591,1,1,2,0,1,1,0,0,2,4.5,5,40,365,0
592,0,0,0,1,2,0,1,2,2,3.0,1,32,365,0
593,1,0,2,1,1,0,2,2,2,4.0,3,54,365,0
594,0,1,2,0,2,0,5,1,0,4.8,2,31,365,1
595,1,1,0,0,1,0,1,0,0,3.8,0,34,365,1
596,1,1,1,0,1,0,2,2,0,3.6,1,71,365,0
597,1,1,2,1,0,2,3,1,2,3.2,8,78,365,1
598,0,0,2,0,2,1,2,2,1,3.3,9,24,365,0
599,0,1,1,0,1,0,0,1,2,4.8,6,86,365,0
600,0,1,0,1,1,2,6,0,0,3.2,9,66,365,0
601,0,1,1,0,2,2,6,0,2,3.3,4,57,365,0
602,0,1,1,1,1,0,1,2,0,4.5,6,74,365,0
603,0,0,0,1,2,1,5,2,2,4.4,5,82,365,0
604,1,1,1,0,1,1,1,0,0,4.7,6,59,365,1
605,1,1,0,1,0,1,4,2,2,3.7,4,21,365,1
606,1,1,1,0,1,0,2,1,1,3.1,7,68,365,0
607,0,1,1,1,0,1,2,0,1,3.1,5,81,365,1
608,0,0,1,0,1,1,2,0,0,4.5,1,84,365,1
609,0,0,2,0,1,1,5,2,0,3.9,9,71,365,1
610,1,1,2,1,1,2,4,2,1,3.1,6,55,365,0
611,0,1,1,0,2,2,0,2,0,3.8,6,19,365,0
612,1,0,1,1,0,1,6,0,2,4.7,10,56,365,1
613,1,0,2,1,0,0,2,1,0,3.2,4,43,365,0
614,0,0,0,1,1,1,1,0,1,4.6,4,58,365,1
615,1,0,1,0,0,1,6,1,0,3.5,5,49,365,0
616,1,0,1,0,2,2,6,2,2,4.6,0,54,365,1
617,0,0,1,1,2,2,6,0,1,3.6,0,27,365,0
618,0,1,1,0,0,0,4,2,2,3.4,10,45,365,0
619,1,0,2,1,0,0,2,1,1,4.1,10,68,365,0
620,0,1,1,1,1,2,1,2,2,3.2,0,69,365,0
621,1,0,1,1,1,2,0,0,2,4.3,5,66,365,0
622,1,1,1,0,0,0,3,2,0,4.0,3,49,365,1
623,0,0,2,1,2,1,4,2,0,4.4,10,80,365,0
624,0,0,1,0,2,1,4,2,2,4.3,6,56,365,0
625,1,1,0,0,0,0,6,0,2,4.1,6,25,365,0
626,0,0,0,1,1,0,1,2,2,4.8,5,71,365,0
627,1,0,0,0,1,0,0,1,2,3.5,2,54,365,1
628,1,1,2,0,0,2,3,2,2,3.3,1,30,365,0
629,1,0,0,0,2,1,6,1,2,3.1,2,67,365,1
630,1,0,2,0,1,2,5,0,2,3.7,9,60,365,1
631,0,1,2,0,2,2,3,2,1,3.7,5,41,365,1
632,0,0,1,1,2,2,5,1,2,4.1,0,53,365,0
633,0,0,1,1,2,0,0,2,2,4.0,6,46,365,1
634,1,0,2,1,1,1,3,0,2,4.2,0,40,365,0
635,0,1,0,0,2,2,3,2,1,4.2,9,44,365,1
636,1,1,1,0,1,2,6,2,2,4.0,1,47,365,0
637,0,1,1,1,0,0,3,1,2,4.0,8,25,365,1
638,0,1,0,0,1,2,4,0,1,3.6,2,90,365,1
639,1,0,0,0,0,2,4,0,1,3.3,7,21,365,1
640,0,0,2,0,2,0,0,0,1,3.8,5,89,365,1
641,1,0,1,0,1,0,6,0,0,3.0,6,75,365,0
642,0,0,1,0,1,1,1,2,2,4.6,0,58,365,0
643,0,0,0,1,2,0,6,0,2,3.8,8,50,365,0
644,0,1,0,0,2,0,4,2,1,4.8,0,30,365,0
645,0,0,1,0,1,0,5,2,0,3.7,4,91,365,1
646,1,1,0,0,1,1,1,0,0,4.0,6,30,365,0
647,0,0,1,1,0,0,5,1,2,4.3,7,57,365,0
648,1,0,0,1,2,1,6,0,1,3.9,3,80,365,0
649,1,1,1,0,1,2,6,0,0,4.2,0,34,365,1
650,0,1,1,0,1,0,1,2,2,4.9,1,89,365,0
651,0,1,2,1,2,2,5,0,1,4.2,2,71,365,0
652,1,1,2,0,0,0,2,0,1,4.8,10,56,365,0
653,0,0,1,1,1,0,3,2,1,4.5,8,29,365,0
654,1,1,1,0,1,2,4,1,1,3.1,3,31,365,1
655,0,0,2,1,1,2,5,0,0,4.5,10,59,365,1
656,1,1,2,1,1,0,1,2,0,4.2,3,32,365,0
657,1,0,1,0,2,2,5,0,2,3.7,5,85,365,1
658,1,0,1,0,0,0,3,0,0,4.1,5,52,365,1
659,1,1,2,0,2,0,1,2,1,4.3,5,21,365,0
660,0,1,2,1,2,1,3,1,2,4.3,2,61,365,1
661,1,0,0,1,0,1,6,1,2,3.4,10,87,365,0
662,1,0,0,1,0,1,1,2,2,4.8,10,91,365,1
663,0,0,0,0,2,2,4,0,1,5.0,1,79,365,1
664,1,1,2,0,0,0,1,1,1,3.8,6,55,365,1
665,0,1,0,1,0,2,4,2,0,3.1,8,67,365,1
666,1,0,0,0,1,0,1,0,1,4.1,1,79,365,0
667,0,0,1,0,2,2,3,0,0,4.6,5,31,365,0
668,0,0,2,1,1,0,1,2,0,4.4,8,73,365,1
669,1,0,2,0,0,2,0,1,0,3.0,2,62,365,0
670,1,0,1,1,0,1,6,1,2,3.6,2,22,365,1
671,0,0,0,0,1,0,2,0,1,4.6,5,23,365,0
672,1,0,1,0,2,1,3,2,2,4.4,4,41,365,1
673,1,0,2,0,2,0,3,0,1,3.5,9,67,365,0
674,1,0,0,0,2,2,0,1,2,4.8,4,62,365,1
675,1,1,0,0,0,1,1,0,2,4.9,8,88,365,1
676,1,1,0,1,0,0,3,2,2,4.4,2,66,365,0
677,0,0,1,1,2,1,1,0,2,4.9,4,26,365,1
678,1,1,2,0,1,1,1,0,0,3.4,4,63,365,1
679,0,1,1,0,1,0,3,1,1,4.9,10,34,365,0
680,0,0,2,1,0,2,5,1,0,4.1,6,37,365,0
681,1,0,2,0,2,2,1,1,0,4.3,3,36,365,1
682,1,0,1,1,1,0,4,0,1,4.4,0,30,365,1
683,0,1,0,1,1,2,2,1,2,4.2,8,71,365,1
684,0,1,2,0,2,0,4,2,2,4.6,3,73,365,1
685,0,0,0,1,0,2,3,2,0,3.5,4,39,365,1
686,0,0,1,0,0,2,1,0,0,4.8,3,91,365,0
687,0,1,0,1,2,2,4,0,0,3.7,4,25,365,0
688,1,0,1,0,0,2,3,0,2,3.3,7,44,365,0
689,0,1,2,0,0,0,4,2,0,3.0,2,72,365,0
690,0,1,0,0,0,1,0,0,1,3.9,0,63,365,0
691,0,1,0,0,0,0,0,2,2,4.9,4,88,365,1
692,0,1,0,1,1,0,5,0,0,4.6,0,48,365,1
693,1,0,2,1,2,0,0,2,0,3.9,0,42,365,0
694,1,1,0,1,0,1,6,2,0,4.2,1,47,365,0
695,1,1,0,1,1,1,3,0,2,4.5,10,57,365,0
696,0,1,1,0,0,0,5,1,1,4.9,5,66,365,1
697,1,1,0,0,1,1,2,1,2,3.7,0,86,365,1
698,1,0,1,1,0,2,1,1,2,3.9,10,25,365,1
699,1,1,1,0,1,0,2,2,2,4.3,3,65,365,1
700,1,0,0,0,0,2,0,1,0,3.5,1,42,365,0
701,0,0,0,0,2,0,0,0,1,3.6,2,47,365,0
702,0,1,0,1,2,0,0,2,0,3.9,6,52,365,1
703,0,1,1,0,2,0,6,0,1,3.4,6,72,365,1
704,0,1,0,0,1,0,5,2,1,3.6,3,56,365,0
705,0,0,1,1,1,1,0,1,1,4.6,5,29,365,0
706,1,0,0,1,1,1,4,2,0,3.2,0,35,365,1
707,1,0,1,1,0,1,1,1,2,3.9,8,90,365,1
708,1,0,1,0,1,0,2,1,2,3.9,0,80,365,1
709,0,0,0,1,1,1,6,0,1,4.0,0,87,365,0
710,0,0,1,0,2,2,2,1,2,3.0,3,82,365,0
711,1,1,2,0,1,2,1,1,2,3.7,8,57,365,1
712,0,1,2,1,1,0,2,2,1,5.0,5,77,365,0
713,0,1,2,1,2,2,2,1,1,3.3,7,38,365,0
714,0,0,2,1,0,2,6,1,2,4.8,7,69,365,1
715,1,0,2,0,1,1,0,0,2,4.4,8,37,365,1
716,0,0,2,0,1,1,0,1,2,4.5,9,50,365,0
717,1,1,1,0,0,1,1,0,2,4.4,3,64,365,0
718,1,1,1,1,1,1,6,2,1,3.9,2,45,365,0
719,1,1,1,1,1,1,1,0,0,5.0,5,53,365,1
720,1,1,1,0,1,2,4,0,2,3.5,0,52,365,1
721,1,1,0,1,1,1,6,0,1,4.1,6,73,365,0
722,1,0,0,1,1,2,5,1,0,4.4,10,73,365,1
723,0,1,0,1,0,1,1,1,0,4.0,4,46,365,0
724,1,1,0,0,0,2,6,2,2,3.9,10,50,365,0
725,1,1,2,1,0,1,1,0,2,4.3,8,48,365,0
726,1,1,0,1,2,2,2,2,0,3.8,5,56,365,1
727,1,0,1,1,2,0,6,2,2,3.8,7,36,365,0
728,0,1,0,1,0,2,4,0,1,3.8,9,77,365,1
729,0,1,0,1,0,0,5,0,0,3.2,3,53,365,1
730,0,1,1,0,1,0,2,2,2,3.8,6,39,365,0
731,0,0,1,0,2,1,4,2,1,3.1,9,81,365,0
732,0,1,1,0,2,1,2,2,2,3.8,6,22,365,1
733,0,0,2,1,0,1,2,2,2,3.1,4,46,365,1
734,1,1,0,0,0,1,3,1,0,3.4,9,54,365,0
735,0,0,2,1,2,1,1,2,2,4.4,1,62,365,1
736,0,1,2,1,1,0,5,1,0,4.8,4,20,365,0
737,1,0,1,1,2,1,1,0,2,3.6,9,45,365,0
738,0,1,1,1,0,1,4,1,0,4.7,3,90,365,0
739,0,1,1,0,2,2,4,1,0,3.9,5,74,365,0
740,1,1,1,1,2,1,3,1,1,3.4,0,58,365,0
741,0,1,1,1,0,2,2,1,2,3.1,10,83,365,1
742,0,1,2,0,1,1,1,0,1,3.6,9,78,365,0
743,0,1,0,1,0,1,4,0,1,4.8,7,52,365,1
744,0,1,0,0,0,2,1,0,2,4.2,5,36,365,0
745,0,1,0,0,1,2,5,1,2,3.8,6,33,365,1
746,0,0,2,0,0,0,5,1,2,4.9,2,60,365,0
747,0,1,1,0,2,1,4,1,2,3.8,1,34,365,0
748,1,0,1,0,2,0,0,1,0,4.8,5,77,365,0
749,1,0,0,0,2,0,3,1,0,4.5,0,60,365,0
750,1,1,2,1,1,0,5,2,2,3.8,3,89,365,1
751,1,0,0,0,2,0,6,1,1,4.8,4,78,365,1
752,1,0,0,0,1,0,5,1,1,4.0,8,90,365,0
753,0,1,2,0,1,1,0,1,0,3.8,9,21,365,1
754,1,1,2,0,2,0,2,2,0,4.0,6,51,365,0
755,0,1,0,1,2,0,3,0,0,4.1,5,24,365,0
756,0,1,2,0,2,2,6,1,0,4.6,0,31,365,0
757,0,1,1,0,0,0,3,2,2,4.8,10,74,365,0
758,1,1,2,0,1,0,2,1,2,3.8,9,69,365,0
759,0,1,0,1,0,0,3,2,1,3.5,10,49,365,1
760,0,1,0,1,0,2,6,2,2,4.1,2,48,365,0
761,1,1,2,1,2,1,5,2,2,3.9,4,88,365,0
762,1,1,2,1,2,1,5,1,1,3.3,6,73,365,1
763,1,1,2,1,2,1,0,1,1,3.1,6,59,365,0
764,0,1,0,0,2,2,2,0,0,4.4,10,90,365,1
765,1,0,1,1,0,1,4,2,1,4.2,8,40,365,1
766,0,0,0,1,2,0,2,1,2,3.8,4,73,365,1
767,0,1,2,1,2,0,4,2,1,3.5,8,26,365,0
768,0,0,0,1,0,0,0,1,0,4.8,10,72,365,1
769,0,0,0,1,0,0,0,1,0,3.8,7,50,365,0
770,0,0,2,1,2,1,2,0,1,4.8,0,74,365,1
771,0,1,0,1,2,0,0,2,2,4.0,4,46,365,1
772,1,1,1,0,0,2,1,1,0,4.8,0,28,365,1
773,0,1,2,1,1,0,6,1,1,4.9,1,23,365,1
774,0,1,0,1,2,0,5,0,0,3.5,2,35,365,0
775,0,1,0,1,0,0,0,2,1,3.9,7,57,365,0
776,0,0,1,0,1,1,1,1,1,3.1,5,53,365,0
777,0,1,0,0,1,0,1,1,0,3.2,4,47,365,1
778,1,1,1,1,2,2,6,0,1,3.9,9,23,365,0
779,1,1,2,1,0,1,1,2,0,4.3,10,69,365,1
780,1,0,0,1,2,0,3,1,2,3.9,4,56,365,1
781,1,0,2,0,2,0,6,1,2,4.5,5,29,365,0
782,0,0,2,1,2,1,5,0,0,3.8,10,23,365,1
783,1,0,1,1,2,2,3,2,2,3.5,1,90,365,0
784,0,1,0,1,2,1,1,2,0,3.1,7,61,365,1
785,0,1,1,1,2,0,2,1,1,3.6,8,31,365,1
786,1,1,2,1,1,2,3,1,2,3.3,8,33,365,0
787,0,1,2,0,1,2,0,1,2,3.0,3,47,365,1
788,1,0,2,1,2,1,6,2,0,4.3,10,83,365,0
789,0,1,2,1,2,0,3,2,2,3.1,7,28,365,0
790,0,1,2,1,1,1,4,1,2,4.1,2,31,365,1
791,1,1,1,0,2,1,6,1,2,3.7,7,60,365,1
792,1,1,2,0,2,2,5,0,0,3.8,3,60,365,0
793,1,0,1,1,1,0,6,0,0,4.4,6,55,365,0
794,0,1,1,0,0,0,0,1,1,4.7,8,77,365,1
795,0,0,0,1,1,1,4,2,1,3.9,2,34,365,1
796,1,0,1,1,1,2,0,2,1,3.1,7,85,365,0
797,1,0,0,1,1,0,5,1,1,3.0,1,60,365,1
798,0,1,1,0,0,0,4,0,2,4.3,3,32,365,0
799,0,0,1,1,1,0,3,0,1,3.2,6,92,365,0
800,0,1,2,0,2,1,6,1,1,4.8,9,65,365,0
801,0,1,2,1,1,0,5,0,1,4.0,2,64,365,0
802,0,1,0,0,0,0,6,0,0,4.8,3,34,365,1
803,1,0,0,1,2,1,4,0,2,3.9,10,85,365,1
804,0,0,2,0,1,2,2,1,2,4.7,6,27,365,1
805,0,0,1,0,2,0,0,2,0,4.9,6,47,365,1
806,0,0,0,0,0,1,3,2,2,3.0,8,21,365,0
807,1,1,0,1,1,0,6,0,1,3.8,2,52,365,0
808,1,1,0,0,1,0,6,2,0,4.5,2,46,365,1
809,1,1,2,0,2,1,0,1,2,3.0,2,32,365,0
810,0,1,0,1,1,0,0,1,2,4.5,0,83,365,0
811,0,0,0,0,0,1,0,1,0,3.9,6,77,365,0
812,1,1,0,1,2,0,1,0,2,3.7,9,62,365,1
813,0,0,1,1,0,0,2,2,1,5.0,6,31,365,0
814,0,0,2,1,1,1,0,1,1,4.9,8,71,365,1
815,0,0,1,1,1,0,1,2,2,4.5,6,83,365,0
816,1,1,1,1,1,0,3,0,2,4.4,5,85,365,0
817,1,0,1,0,0,0,5,2,1,4.9,3,28,365,0
818,0,0,0,1,1,0,2,2,1,3.8,8,56,365,0
819,0,0,1,0,1,0,0,0,0,3.6,7,43,365,0
820,1,1,2,0,0,2,1,1,0,5.0,6,38,365,0
821,1,1,2,1,1,2,2,0,0,4.9,1,44,365,0
822,0,1,1,1,1,2,4,1,1,3.3,3,23,365,1
823,1,0,0,1,2,0,2,2,1,4.3,9,39,365,1
824,1,1,0,1,2,1,3,2,2,3.9,4,71,365,0
825,1,0,2,0,0,2,5,2,2,3.8,0,21,365,1
826,1,0,2,1,1,2,1,1,0,4.0,6,60,365,0
827,0,1,1,0,2,1,2,0,1,4.7,7,85,365,0
828,0,0,1,1,1,0,4,0,0,4.3,9,23,365,1
829,1,1,2,1,0,2,5,1,1,3.1,10,83,365,1
830,1,0,2,1,2,1,0,1,2,4.7,10,39,365,1
831,0,0,0,0,1,2,0,1,1,3.1,10,21,365,1
832,1,0,0,0,2,2,4,2,0,3.6,10,64,365,1
833,0,0,0,0,1,0,0,2,1,3.3,5,52,365,1
834,1,1,0,0,1,2,5,0,1,3.6,9,36,365,0
835,1,1,2,0,0,2,2,2,1,4.2,1,47,365,0
836,0,1,1,1,2,1,3,2,0,3.8,1,68,365,0
837,0,0,1,1,0,0,1,2,1,3.5,5,36,365,0
838,1,1,1,0,0,0,5,0,2,3.7,4,27,365,1
839,1,0,0,0,0,1,6,0,1,3.8,10,63,365,1
840,1,1,0,1,2,2,3,2,0,4.0,10,84,365,0
841,0,0,0,0,1,1,5,0,2,5.0,0,84,365,0
842,1,0,2,1,0,1,3,1,2,4.6,2,38,365,0
843,1,1,2,0,0,2,2,2,2,3.4,7,29,365,0
844,1,0,0,0,0,2,3,0,0,3.4,4,76,365,0
845,0,0,0,0,1,1,2,0,2,3.7,6,87,365,0
846,0,0,0,1,2,0,0,1,2,3.6,7,88,365,0
847,1,0,1,1,0,2,6,0,1,4.4,4,39,365,1
848,1,1,2,1,1,0,4,1,2,5.0,1,50,365,1
849,1,0,1,0,0,2,0,1,0,4.4,5,77,365,0
850,0,0,1,1,1,2,6,1,2,3.1,2,26,365,1
851,1,0,0,0,1,2,6,2,1,3.9,7,62,365,1
852,1,0,1,1,1,0,2,0,1,4.5,5,55,365,0
853,0,1,1,1,2,1,5,1,2,3.1,1,80,365,0
854,0,0,0,0,0,0,3,1,0,3.5,9,78,365,0
855,0,1,1,1,1,1,1,2,1,3.3,8,45,365,0
856,0,1,2,1,1,1,1,0,2,3.7,7,89,365,0
857,0,0,2,1,2,2,3,2,2,4.8,3,39,365,0
858,1,1,1,1,1,2,5,1,1,3.4,0,53,365,1
859,1,1,0,0,1,2,2,1,1,4.5,4,42,365,1
860,0,0,0,0,0,0,1,2,2,3.3,1,37,365,0
861,1,0,1,0,1,0,3,0,0,4.5,8,21,365,0
862,1,1,0,1,2,2,6,2,1,3.9,5,20,365,0
863,0,1,2,1,0,2,4,0,1,3.4,2,28,365,1
864,1,0,2,0,2,2,5,2,1,3.5,6,82,365,1
865,1,1,1,1,1,0,4,0,2,4.4,10,66,365,0
866,0,1,1,1,0,0,0,0,2,4.9,5,91,365,1
867,1,1,2,1,0,1,2,2,0,4.1,4,91,365,0
868,1,0,2,0,0,1,5,1,2,3.4,7,27,365,1
869,0,1,0,1,1,1,6,2,1,3.1,9,78,365,0
870,1,1,1,0,0,1,6,1,2,3.9,3,25,365,1
871,1,0,0,1,1,0,4,1,2,3.9,7,25,365,0
872,0,1,2,0,2,0,0,0,0,3.8,7,25,365,1
873,0,1,1,1,1,0,3,2,0,3.4,0,73,365,0
874,1,1,1,0,2,1,5,0,2,4.5,2,57,365,1
875,0,1,1,1,0,1,2,0,2,4.9,6,84,365,0
876,1,0,0,1,1,2,4,1,2,3.9,6,37,365,1
877,0,1,0,1,2,0,0,2,0,4.3,5,74,365,0
878,0,1,2,0,2,0,4,2,0,4.9,6,73,365,0
879,0,1,1,0,2,2,3,1,0,4.1,2,50,365,1
880,0,0,1,0,2,0,1,2,2,4.1,4,91,365,0
881,0,0,0,0,1,1,4,2,0,3.7,3,62,365,0
882,0,1,1,1,2,1,5,2,2,5.0,0,26,365,1
883,0,0,1,1,1,0,0,1,2,4.3,8,61,365,0
884,0,0,2,0,2,0,3,2,1,5.0,2,59,365,1
885,1,0,2,1,1,0,1,1,2,3.2,0,51,365,1
886,0,0,2,0,1,2,4,1,2,4.0,5,87,365,0
887,0,1,1,0,2,2,1,1,1,3.8,10,71,365,0
888,0,0,2,1,2,0,6,2,2,3.7,0,34,365,1
889,0,1,2,1,0,1,4,1,1,3.3,7,50,365,1
890,0,1,1,1,0,2,5,0,0,4.3,9,48,365,0
891,0,0,2,0,2,0,5,1,2,3.1,6,54,365,1
892,1,0,0,1,0,1,1,1,1,4.1,5,91,365,1
893,0,1,0,0,2,1,5,1,0,4.5,1,31,365,0
894,0,0,1,0,1,2,1,0,1,4.4,9,53,365,0
895,1,1,1,1,1,1,5,2,0,4.6,6,30,365,0
896,1,0,1,1,0,0,6,0,2,3.9,6,31,365,0
897,0,0,2,1,1,2,3,2,2,3.3,3,35,365,1
898,1,0,2,0,2,0,1,0,1,4.6,2,78,365,1
899,1,0,0,1,2,2,4,0,1,3.1,1,43,365,0
900,0,0,1,1,2,1,6,1,1,3.1,1,43,365,1
901,1,0,2,1,0,2,2,0,2,4.1,4,42,365,1
902,0,0,0,1,1,0,3,0,1,3.6,9,37,365,1
903,1,0,0,1,0,0,5,2,1,4.7,5,82,365,0
904,0,0,0,0,2,1,5,1,1,4.0,0,55,365,1
905,1,1,0,1,1,2,6,1,1,3.9,2,41,365,1
906,0,0,2,1,2,0,0,0,0,5.0,3,34,365,0
907,1,0,0,1,0,2,4,2,0,4.5,10,39,365,1
908,1,1,2,1,1,2,6,2,1,3.9,4,40,365,0
909,1,0,2,1,1,1,1,1,0,3.4,10,86,365,1
910,1,1,0,1,0,0,5,1,1,3.1,2,64,365,0
911,0,1,2,1,1,0,6,2,1,4.3,8,37,365,1
912,0,1,2,1,2,1,6,0,2,4.6,8,33,365,0
913,0,1,0,0,1,1,6,1,2,3.4,10,66,365,0
914,1,1,1,1,0,2,3,1,2,4.2,9,75,365,0
915,0,1,1,0,1,2,5,1,2,3.3,4,83,365,0
916,0,1,2,0,0,2,3,0,0,4.0,2,44,365,0
917,1,1,0,1,2,1,0,1,0,3.9,7,45,365,0
918,0,0,0,0,0,2,6,0,2,5.0,6,54,365,0
919,0,1,1,1,1,2,2,2,1,4.9,2,84,365,1
920,1,0,0,1,2,0,4,2,2,3.3,0,69,365,0
921,0,0,2,0,1,0,1,2,1,3.8,1,46,365,0
922,0,1,1,0,0,1,3,2,2,4.5,8,52,365,0
923,0,0,0,1,1,2,0,1,1,3.4,8,55,365,0
924,1,0,1,1,0,1,3,0,2,4.3,2,27,365,1
925,0,0,1,1,2,0,4,1,0,4.9,1,61,365,1
926,1,0,2,1,1,1,5,0,1,3.4,5,44,365,0
927,0,1,1,0,2,2,0,2,2,5.0,10,33,365,1
928,1,0,1,1,0,0,2,0,2,3.3,7,29,365,0
929,0,0,2,1,1,2,2,0,2,4.4,0,40,365,1
930,0,1,0,1,0,0,5,2,2,3.8,9,29,365,0
931,0,0,0,0,2,2,5,2,1,3.1,0,46,365,1
932,0,0,0,0,0,2,1,0,2,4.9,7,81,365,0
933,1,0,1,0,0,2,2,0,1,4.8,1,64,365,0
934,0,0,0,0,2,1,2,0,2,3.6,10,31,365,1
935,1,0,2,0,1,1,5,2,0,3.1,4,66,365,0
936,0,1,0,0,1,1,3,0,0,4.3,2,31,365,0
937,1,1,1,1,2,1,1,0,1,4.2,10,82,365,0
938,0,0,2,1,2,0,5,0,2,3.9,1,27,365,1
939,1,0,1,0,0,0,0,1,2,4.5,0,21,365,1
940,0,0,0,1,2,0,6,0,0,4.1,2,89,365,1
941,0,0,2,1,1,1,4,2,1,4.6,4,69,365,1
942,0,1,1,1,0,1,1,2,2,3.8,8,70,365,1
943,1,0,0,0,0,1,6,0,0,3.3,9,88,365,1
944,0,0,0,0,1,1,4,1,2,3.4,9,70,365,0
945,1,1,1,1,0,0,1,1,1,3.4,2,55,365,1
946,1,1,1,0,2,2,4,2,2,3.1,5,74,365,0
947,0,0,2,1,1,2,1,2,0,4.4,0,34,365,1
948,1,0,1,1,2,2,2,1,0,3.7,7,39,365,1
949,1,0,1,0,2,2,1,1,0,3.5,4,30,365,0
950,0,1,2,1,1,0,6,2,2,4.6,7,50,365,0
951,0,0,2,1,1,2,6,2,0,3.0,1,78,365,0
952,1,0,2,0,2,0,0,1,2,4.9,10,82,365,0
953,1,0,0,0,2,2,4,0,0,3.8,7,63,365,1
954,1,0,1,0,0,2,5,2,1,4.3,6,38,365,1
955,1,0,1,0,1,2,6,2,1,4.4,4,20,365,0
956,0,0,2,1,2,1,2,2,1,4.9,9,21,365,1
957,1,0,1,1,2,1,5,2,0,4.4,1,25,365,1
958,1,1,1,1,0,0,1,1,0,4.0,5,61,365,0
959,1,0,1,1,2,0,3,0,2,4.6,8,83,365,0
960,1,1,1,0,2,1,3,2,0,4.7,4,20,365,1
961,0,1,0,0,1,2,5,0,1,4.1,2,87,365,0
962,0,1,1,1,1,2,2,2,1,4.8,6,21,365,1
963,0,0,0,1,1,0,2,1,0,4.7,1,86,365,0
964,0,1,0,1,2,2,2,1,2,4.2,0,34,365,1
965,1,1,2,1,2,1,0,0,0,4.8,4,44,365,0
966,1,1,0,0,2,1,4,2,0,4.3,1,78,365,0
967,0,0,2,0,2,0,3,2,2,4.8,9,35,365,0
968,0,0,1,1,1,2,4,2,2,3.8,4,70,365,0
969,1,0,2,1,2,0,2,1,0,4.5,3,29,365,1
970,0,1,0,0,2,1,6,1,1,4.2,8,69,365,0
971,0,0,0,1,0,2,4,2,2,3.6,9,84,365,1
972,1,1,2,1,0,1,6,1,2,3.8,1,90,365,0
973,1,1,2,0,1,1,4,2,1,4.1,0,67,365,0
974,1,1,1,0,0,2,6,2,1,3.1,8,85,365,1
975,0,1,1,1,2,0,0,1,2,3.5,10,72,365,0
976,1,0,0,1,2,1,1,1,1,4.7,6,44,365,0
977,1,1,1,1,0,2,3,2,2,3.6,8,33,365,1
978,1,0,1,1,1,1,2,0,1,3.8,3,62,365,0
979,0,1,0,1,2,1,1,1,0,4.6,1,72,365,0
980,1,1,1,0,0,2,5,0,2,4.6,10,41,365,0
981,1,0,1,1,2,0,1,0,2,3.2,3,40,365,0
982,1,1,1,1,1,2,0,0,0,3.3,8,47,365,0
983,0,1,1,1,2,2,2,1,1,3.7,1,47,365,0
984,1,1,0,1,2,1,3,2,1,4.1,6,72,365,0
985,1,0,0,1,2,2,4,2,0,3.1,6,48,365,0
986,1,1,1,0,2,2,5,1,1,4.9,9,41,365,0
987,0,0,2,0,1,2,0,1,2,3.2,4,71,365,1
988,0,1,0,1,1,1,4,2,2,4.6,3,66,365,1
989,0,0,0,1,1,2,1,1,0,3.3,2,22,365,1
990,1,0,1,1,0,0,6,1,2,3.0,4,41,365,0
991,0,0,1,1,2,0,6,2,2,3.0,6,74,365,0
992,0,1,1,0,2,1,2,1,1,3.4,9,54,365,1
993,0,0,2,1,0,0,4,0,0,4.5,9,64,365,0
994,1,1,1,1,0,0,1,1,1,3.3,3,26,365,1
995,0,0,0,1,0,0,4,1,0,3.7,2,47,365,0
996,1,1,2,0,2,1,6,1,0,3.2,7,47,365,0
997,0,0,0,0,2,1,1,2,2,4.6,3,37,365,1
998,1,1,2,1,2,0,4,1,2,3.2,3,39,365,0
999,1,1,2,1,1,1,4,0,2,4.5,5,79,365,1
1000,1,0,0,0,1,2,5,2,0,3.2,5,28,365,1
1001,1,1,2,0,1,2,5,2,1,5.0,8,56,365,0
1002,1,1,2,1,0,0,6,1,2,4.9,1,46,365,1
1003,0,1,0,0,0,0,1,1,1,3.6,10,77,365,1
1004,0,0,1,0,0,0,0,2,1,3.1,7,69,365,0
1005,1,1,0,0,2,2,1,0,0,3.8,9,72,365,1
1006,1,0,2,1,0,1,4,1,2,3.9,0,28,365,1
1007,1,0,1,1,1,0,2,2,2,4.5,4,81,365,1
1008,0,0,0,1,1,2,0,1,1,3.1,8,58,365,0
1009,0,0,1,0,0,1,4,2,2,4.2,8,26,365,0
1010,0,1,1,0,1,2,1,0,0,4.8,5,84,365,1
1011,1,1,0,0,1,0,2,0,0,3.8,9,33,365,0
1012,1,1,1,0,2,1,2,0,2,3.7,5,35,365,0
1013,0,0,1,1,2,1,6,0,0,4.0,10,88,365,0
1014,0,1,0,0,2,1,4,2,0,3.2,0,79,365,1
1015,1,0,2,1,2,0,1,0,2,4.9,10,33,365,0
1016,1,0,1,1,0,0,3,2,0,3.4,0,81,365,0
1017,1,1,1,0,2,2,0,1,2,4.3,9,69,365,0
1018,0,0,0,1,2,0,5,0,1,4.0,2,75,365,1
1019,0,0,0,1,0,0,1,0,1,3.7,7,86,365,0
1020,0,0,1,1,1,1,6,2,2,4.6,2,36,365,1
1021,0,0,2,0,2,1,1,0,1,3.5,3,70,365,1
1022,1,1,2,1,0,1,3,2,2,3.2,2,89,365,0
1023,1,1,0,1,1,1,0,2,0,4.1,5,41,365,0
1024,1,0,1,1,1,1,2,2,1,4.8,4,41,365,0
1025,1,0,2,1,1,2,2,1,0,3.2,1,42,365,1
1026,0,0,2,1,0,0,2,1,2,4.9,2,77,365,1
1027,1,0,0,1,1,1,0,0,1,3.6,9,52,365,1
1028,0,1,2,1,2,2,2,0,0,3.6,4,50,365,0
1029,0,1,1,0,2,0,6,0,0,3.1,0,90,365,1
1030,1,1,1,1,0,2,3,1,0,4.6,4,53,365,0
1031,0,0,2,1,2,1,6,1,2,3.3,8,83,365,0
1032,0,0,0,1,2,2,1,1,1,4.6,10,62,365,1
1033,1,0,1,1,0,2,3,1,2,4.2,4,19,365,0
1034,1,0,0,0,0,0,3,0,0,4.2,9,80,365,0
1035,0,0,1,1,1,2,6,1,0,4.6,2,33,365,0
1036,0,1,2,1,1,0,5,2,1,3.3,9,33,365,0
1037,0,0,2,0,0,0,0,2,1,3.5,3,35,365,0
1038,1,0,1,0,1,2,5,2,1,4.0,8,22,365,0
1039,0,1,1,0,2,1,5,1,2,4.9,2,89,365,0
1040,1,0,2,1,0,0,2,0,1,3.7,1,55,365,0
1041,0,0,2,1,0,2,2,2,2,4.5,3,88,365,1
1042,1,1,0,0,0,1,3,1,1,3.9,4,90,365,0
1043,0,1,2,0,2,1,1,2,0,3.3,10,86,365,0
1044,0,0,2,0,1,1,1,1,0,4.8,0,91,365,0
1045,1,0,2,0,0,2,5,2,1,3.6,8,85,365,1
1046,0,1,1,0,0,1,2,1,1,4.2,6,86,365,1
1047,1,1,0,1,2,2,4,2,1,4.0,9,27,365,1
1048,0,0,1,0,1,2,5,2,2,3.2,4,72,365,0
1049,0,0,1,1,0,2,4,2,1,3.5,3,86,365,0
1050,0,0,1,1,0,2,0,1,1,4.3,6,62,365,1
1051,0,1,2,0,1,2,6,0,0,3.8,5,69,365,0
1052,1,0,1,1,1,1,6,1,0,4.6,6,78,365,0
1053,0,0,2,0,1,0,4,0,0,3.7,7,65,365,1
1054,1,1,1,0,0,1,1,1,1,3.9,2,56,365,1
1055,0,1,1,0,1,0,2,1,1,4.3,5,36,365,0
1056,0,1,2,0,2,2,4,2,2,4.7,0,64,365,1
1057,1,0,0,1,0,1,5,0,0,4.1,2,83,365,0
1058,1,1,1,1,2,0,1,0,1,3.0,7,46,365,0
1059,1,1,2,1,2,1,2,2,0,3.5,2,26,365,0
1060,0,0,1,1,1,1,2,2,2,3.6,4,77,365,0
1061,0,0,0,1,0,1,1,0,2,3.4,10,81,365,1
1062,1,0,1,0,0,1,5,2,2,3.8,4,41,365,1
1063,1,1,0,0,1,2,6,1,1,4.8,0,70,365,1
1064,1,0,1,1,1,1,2,2,2,3.1,5,70,365,1
1065,1,1,2,0,0,0,0,2,0,3.8,1,57,365,0
1066,0,0,0,1,0,2,0,2,2,4.1,7,21,365,0
1067,1,0,0,1,2,2,0,0,1,4.5,7,85,365,1
1068,1,1,2,0,0,2,0,1,2,3.5,3,55,365,1
1069,0,1,2,0,1,0,4,1,1,3.1,0,88,365,1
1070,1,1,0,1,2,2,3,1,0,3.7,6,74,365,0
1071,0,0,0,0,2,2,1,0,0,4.1,4,31,365,1
1072,1,1,2,0,0,0,1,0,1,3.2,2,89,365,1
1073,0,1,1,0,0,1,3,2,0,4.0,7,77,365,1
1074,0,0,2,1,2,1,5,1,1,3.9,3,68,365,0
1075,1,0,2,1,0,2,3,0,1,3.9,2,84,365,1
1076,0,0,1,1,2,0,5,2,0,3.4,3,36,365,0
1077,0,1,2,0,2,2,2,1,0,4.4,7,23,365,0
1078,0,1,1,0,0,0,6,1,1,4.6,4,46,365,1
1079,0,1,2,1,2,1,0,0,1,3.2,5,41,365,0
1080,0,0,1,1,0,0,1,1,2,3.9,2,39,365,1
1081,0,0,1,1,2,2,5,1,0,3.5,5,84,365,0
1082,0,1,2,0,0,2,0,0,0,3.9,8,45,365,1
1083,1,0,1,0,2,0,0,0,0,4.0,10,32,365,1
1084,0,1,2,1,1,0,0,1,2,3.2,6,50,365,0
1085,1,0,1,1,0,2,4,2,1,5.0,10,73,365,1
1086,1,1,2,0,0,1,1,0,1,3.5,1,32,365,0
1087,0,0,2,1,0,0,5,0,2,3.5,7,68,365,0
1088,0,0,1,1,0,1,3,2,2,5.0,2,22,365,0
1089,1,1,0,0,0,0,4,0,1,3.0,9,46,365,0
1090,0,1,1,1,2,0,2,1,0,4.6,3,51,365,0
1091,0,0,2,1,2,0,4,0,1,4.4,10,33,365,1
1092,1,1,2,0,1,2,2,2,0,4.0,10,55,365,0
1093,0,0,0,0,1,0,2,1,2,4.8,10,76,365,1
1094,1,1,2,0,2,1,3,1,0,4.9,5,33,365,0
1095,0,1,0,0,1,2,6,1,0,3.3,8,22,365,0
1096,1,0,2,0,1,1,2,2,0,3.6,3,72,365,0
1097,0,0,0,0,0,1,0,0,0,3.8,0,66,365,1
1098,1,1,0,1,0,1,3,1,2,4.1,1,24,365,0
1099,1,0,1,0,0,2,4,1,1,4.7,6,58,365,0
1100,1,0,1,1,0,0,2,2,2,3.5,0,25,365,0
1101,1,1,2,1,2,1,1,0,2,4.4,8,20,365,1
1102,0,0,0,0,2,2,5,0,1,4.0,0,79,365,0
1103,0,1,0,1,1,1,6,0,2,4.0,1,75,365,1
1104,0,0,1,0,1,0,6,1,1,4.3,0,62,365,1
1105,1,0,2,1,1,1,5,1,2,4.1,4,51,365,0
1106,0,0,1,0,2,1,6,1,2,3.6,10,23,365,0
1107,0,0,0,0,0,0,1,1,0,4.7,5,77,365,1
1108,1,0,1,1,0,0,6,2,2,4.5,5,35,365,1
1109,0,0,2,0,1,0,6,2,2,4.2,10,80,365,0
1110,0,1,1,0,2,0,6,2,2,3.1,8,31,365,1
1111,0,0,0,1,0,2,6,1,0,3.2,0,65,365,1
1112,1,0,2,0,2,2,4,1,2,4.1,10,44,365,0
1113,1,1,2,1,0,2,0,0,0,4.1,8,50,365,0
1114,0,1,0,1,0,1,0,0,2,4.9,1,72,365,0
1115,0,0,0,0,1,0,0,2,2,3.4,8,63,365,1
1116,1,0,1,0,0,1,6,2,2,4.0,10,26,365,1
1117,0,1,2,0,1,1,2,1,2,4.9,5,89,365,1
1118,0,1,2,1,2,0,3,2,0,3.1,5,33,365,0
1119,1,1,2,1,2,1,1,0,2,4.0,3,68,365,0
1120,1,0,0,0,0,1,3,1,2,4.6,1,80,365,0
1121,1,0,1,1,0,0,2,0,1,3.1,10,55,365,1
1122,1,0,2,0,0,0,1,1,1,3.5,5,71,365,0
1123,1,0,1,1,0,1,6,2,2,4.5,3,59,365,1
1124,1,0,1,1,1,2,5,2,2,4.4,1,30,365,0
1125,0,1,1,1,1,1,4,1,0,4.3,9,22,365,1
1126,0,0,2,0,2,0,1,2,0,3.9,1,76,365,1
1127,1,1,1,0,1,0,6,2,0,3.1,7,87,365,1
1128,0,1,2,1,0,2,3,0,1,3.7,6,88,365,1
1129,1,0,2,0,2,1,6,0,0,4.9,7,87,365,1
1130,1,1,0,0,0,2,4,0,2,3.6,8,51,365,1
1131,0,0,0,0,0,2,5,1,0,3.2,6,41,365,1
1132,1,0,2,0,1,0,6,2,0,4.6,10,82,365,1
1133,1,0,1,1,2,2,2,0,0,3.6,2,48,365,0
1134,0,1,2,1,1,0,3,0,2,4.3,2,59,365,1
1135,1,0,1,1,1,1,4,0,0,3.5,1,72,365,0
1136,1,1,0,0,2,2,5,0,2,3.1,8,37,365,0
1137,0,0,0,0,2,0,4,1,0,4.0,6,51,365,1
1138,1,1,1,1,2,0,2,1,2,3.5,6,34,365,1
1139,1,1,0,1,0,0,3,0,2,4.2,5,81,365,1
1140,1,1,2,1,2,0,2,0,1,4.5,4,78,365,1
1141,0,1,2,1,2,0,1,2,2,4.3,7,30,365,0
1142,1,0,1,1,1,0,4,1,0,4.0,4,61,365,1
1143,0,0,0,0,2,1,0,2,1,3.7,7,55,365,1
1144,0,0,1,0,0,2,0,2,2,4.4,0,85,365,1
1145,0,1,1,1,1,2,3,0,1,4.5,0,92,365,1
1146,1,1,2,0,1,0,5,2,1,4.0,4,57,365,0
1147,0,1,1,0,2,2,5,2,2,4.4,10,59,365,0
1148,0,0,0,1,2,2,0,1,1,3.8,10,44,365,0
1149,1,0,0,0,1,0,0,2,1,4.1,6,82,365,0
1150,0,1,2,0,1,0,5,0,2,4.9,3,46,365,0
1151,1,1,2,1,0,0,1,1,2,4.1,7,20,365,1
1152,0,1,2,1,0,0,5,0,2,3.5,1,72,365,0
1153,0,0,2,1,2,1,3,1,0,5.0,0,37,365,1
1154,0,1,2,1,2,0,1,1,2,4.6,2,41,365,1
1155,1,0,1,1,1,0,3,1,0,4.5,0,88,365,0
1156,1,1,1,0,1,0,4,1,2,3.1,2,61,365,1
1157,1,0,0,1,0,1,1,2,0,4.6,10,72,365,1
1158,0,0,1,0,0,1,0,0,1,3.7,8,57,365,1
1159,0,1,1,0,0,0,6,0,1,4.5,9,21,365,0
1160,1,0,1,1,0,2,2,1,0,3.9,5,79,365,1
1161,1,0,0,0,2,1,2,2,2,4.4,10,51,365,0
1162,0,0,2,1,1,0,4,2,0,4.9,0,58,365,1
1163,1,0,0,1,0,0,3,1,0,3.9,6,68,365,0
1164,1,0,1,0,1,1,0,0,2,4.2,9,38,365,1
1165,1,0,2,0,0,2,2,0,0,4.6,9,36,365,1
1166,1,1,2,0,2,0,1,1,1,4.9,7,53,365,1
1167,1,1,1,1,2,2,5,1,1,4.2,2,91,365,0
1168,1,1,1,1,1,1,0,0,1,4.2,9,40,365,0
1169,0,1,2,0,2,0,0,1,1,4.0,0,24,365,0
1170,1,1,0,0,0,1,1,1,0,4.4,1,67,365,1
1171,0,1,1,0,0,0,4,0,1,4.6,7,79,365,1
1172,1,0,0,1,0,0,3,2,0,3.8,2,51,365,0
1173,0,0,1,1,0,2,6,0,1,3.8,3,85,365,1
1174,1,1,1,1,1,1,6,1,0,3.8,1,42,365,0
1175,0,1,1,0,2,1,4,2,2,3.9,6,38,365,0
1176,0,0,0,1,2,2,0,2,2,3.1,9,20,365,0
1177,1,0,0,0,1,2,2,1,2,3.8,9,63,365,1
1178,1,1,0,0,2,1,4,0,0,4.9,5,36,365,1
1179,1,1,1,1,0,1,2,0,1,4.0,6,32,365,1
1180,1,0,2,1,2,0,6,0,0,3.9,7,28,365,0
1181,1,1,1,0,1,1,6,2,0,3.1,9,66,365,0
1182,0,0,2,1,2,1,3,1,0,4.1,5,55,365,0
1183,1,0,2,1,0,0,1,2,0,3.1,8,54,365,0
1184,1,1,1,0,1,2,5,0,2,3.1,3,45,365,1
1185,1,0,2,1,0,1,2,0,2,3.1,4,33,365,1
1186,1,1,1,0,1,2,4,1,2,4.3,2,87,365,0
1187,0,0,0,0,0,1,6,0,0,3.9,7,76,365,1
1188,0,0,1,1,1,0,0,2,0,4.6,1,41,365,1
1189,0,1,2,1,1,2,3,0,1,3.3,2,32,365,0
1190,1,0,1,0,0,0,4,1,0,3.9,10,88,365,0
1191,1,1,1,1,1,2,6,0,1,3.9,8,23,365,1
1192,1,1,0,0,0,1,4,0,0,3.8,6,43,365,1
1193,0,0,1,1,2,0,2,1,1,3.8,1,42,365,0
1194,0,0,0,0,2,1,2,2,1,4.8,1,46,365,1
1195,1,0,2,0,2,0,1,1,0,4.1,10,59,365,1
1196,0,0,0,0,2,2,0,0,1,4.9,6,37,365,1
1197,1,1,0,1,1,2,3,0,2,4.1,2,87,365,1
1198,1,0,0,1,0,0,2,0,2,3.4,5,48,365,0
1199,1,0,2,1,0,0,6,1,1,4.7,2,36,365,0
1200,1,0,1,1,1,1,0,0,1,4.0,2,34,365,1
1201,0,1,2,0,1,2,0,1,0,3.6,2,56,365,0
1202,0,0,1,1,2,1,6,0,1,3.1,3,84,365,0
1203,1,1,1,0,0,2,0,2,2,3.8,5,20,365,0
1204,0,0,2,1,0,1,2,1,1,4.3,1,36,365,0
1205,1,1,1,1,2,0,5,1,0,4.4,3,81,365,0
1206,1,0,0,1,2,1,1,2,2,3.2,7,57,365,0
1207,0,0,0,1,1,0,1,2,2,4.2,2,26,365,1
1208,1,1,2,1,1,2,2,1,2,3.8,7,89,365,0
1209,0,1,0,1,0,1,2,2,2,4.9,1,30,365,1
1210,0,1,0,0,0,1,1,0,2,4.1,4,64,365,1
1211,0,1,0,0,1,0,5,0,2,4.5,4,79,365,0
1212,0,1,0,1,2,0,6,0,1,3.8,9,83,365,0
1213,0,0,1,1,1,1,3,1,2,4.2,6,27,365,0
1214,1,0,2,1,1,0,3,2,1,3.4,2,64,365,1
1215,1,0,1,0,1,1,6,2,1,3.9,1,25,365,1
1216,1,0,0,0,2,1,2,1,2,4.0,3,31,365,1
1217,0,0,2,0,1,2,1,1,0,3.5,0,55,365,1
1218,0,0,0,1,2,2,2,1,0,4.4,8,88,365,0
1219,1,1,1,0,1,2,4,1,0,4.7,1,59,365,0
1220,0,1,2,1,0,2,4,1,1,3.5,2,61,365,1
1221,0,0,2,0,2,2,5,1,0,3.2,3,19,365,0
1222,0,0,1,0,2,1,1,1,0,3.8,7,81,365,0
1223,0,0,2,0,0,0,6,2,2,4.2,8,58,365,0
1224,0,1,2,1,2,1,3,2,0,3.6,5,88,365,0
1225,1,0,0,0,0,0,4,0,0,4.5,2,30,365,0
1226,0,1,2,1,0,1,6,1,1,4.4,2,75,365,1
1227,0,0,1,1,2,2,0,2,2,3.7,5,83,365,1
1228,0,1,2,1,1,1,2,0,0,3.4,4,31,365,1
1229,0,0,1,1,2,2,6,0,0,4.3,8,49,365,1
1230,1,0,2,1,1,1,1,2,1,4.3,9,73,365,0
1231,0,0,0,1,1,2,1,1,1,3.2,2,78,365,0
1232,1,0,0,1,0,0,5,2,0,3.6,5,54,365,1
1233,1,1,2,1,1,1,6,1,0,4.7,4,45,365,0
1234,0,0,0,1,2,1,5,2,1,3.6,10,55,365,0
1235,0,0,2,1,1,2,4,1,1,4.2,4,57,365,0
1236,0,0,0,0,1,1,4,2,2,3.7,10,43,365,0
1237,1,1,2,1,1,0,4,0,2,3.3,10,82,365,0
1238,1,1,1,0,1,0,6,0,0,3.4,1,88,365,0
1239,1,0,1,1,2,0,3,0,1,4.5,4,90,365,0
1240,1,0,2,1,2,0,0,2,2,4.3,6,73,365,0
1241,0,1,1,1,1,0,1,2,2,3.6,5,67,365,0
1242,0,0,1,1,2,2,5,1,2,3.6,3,57,365,0
1243,0,1,0,1,1,0,3,0,2,4.8,7,40,365,1
1244,1,1,2,1,1,2,0,1,0,3.3,9,82,365,1
1245,1,1,0,0,2,0,5,1,1,4.8,9,35,365,0
1246,1,1,2,0,2,1,6,1,1,3.0,9,45,365,1
1247,1,0,1,0,1,0,4,0,0,3.8,4,59,365,0
1248,0,1,0,0,1,2,4,2,0,4.7,5,34,365,0
1249,0,0,2,0,0,0,5,0,1,3.5,2,88,365,0
1250,0,1,2,0,1,2,0,0,0,3.0,1,81,365,1
1251,0,1,0,0,2,2,6,0,2,3.6,9,77,365,0
1252,0,1,0,0,0,2,1,2,0,3.8,3,37,365,0
1253,0,1,1,0,2,2,4,1,1,4.6,6,28,365,0
1254,1,1,0,1,0,1,1,2,0,4.8,7,73,365,1
1255,1,1,1,1,2,2,2,2,0,4.3,8,74,365,1
1256,1,1,0,0,0,2,4,1,1,3.6,10,52,365,0
1257,1,1,1,1,0,1,6,0,0,3.6,2,28,365,1
1258,1,0,1,0,0,1,4,0,1,4.3,9,51,365,0
1259,1,1,0,0,0,2,4,1,1,3.2,3,87,365,0
1260,0,0,0,0,0,0,2,1,1,4.1,4,75,365,1
1261,0,0,1,1,0,0,3,0,2,4.2,7,47,365,1
1262,1,0,0,0,0,2,4,1,1,3.5,7,55,365,1
1263,0,1,0,1,2,2,1,2,0,3.9,5,33,365,0
1264,1,0,2,1,2,0,5,1,1,3.7,6,41,365,0
1265,0,1,0,0,0,0,4,2,1,4.0,0,56,365,1
1266,0,0,0,1,2,2,4,1,1,4.1,7,27,365,0
1267,1,1,2,0,2,0,6,0,1,3.0,0,57,365,1
1268,1,0,1,1,0,1,5,1,0,4.5,10,76,365,1
1269,1,1,2,0,2,2,5,0,0,4.3,5,78,365,1
1270,0,1,2,0,2,0,6,2,1,3.5,8,86,365,1
1271,0,1,2,1,2,1,1,2,1,4.1,10,43,365,0
1272,1,0,2,1,2,2,2,1,2,3.2,4,85,365,1
1273,0,0,0,1,2,0,0,2,1,3.2,1,58,365,1
1274,1,0,0,1,2,2,3,1,0,3.5,5,88,365,0
1275,0,0,1,0,2,1,0,1,0,5.0,2,73,365,0
1276,0,1,1,1,0,2,6,2,0,4.9,3,56,365,1
1277,0,1,2,1,1,2,3,2,0,4.3,0,47,365,0
1278,1,0,2,0,2,2,0,1,1,4.0,2,39,365,1
1279,0,0,2,1,0,1,0,0,2,4.5,7,51,365,0
1280,0,1,0,1,1,1,6,1,1,4.3,2,43,365,1
1281,1,0,2,1,2,2,1,2,0,3.8,5,48,365,0
1282,0,0,1,0,0,0,1,2,0,3.7,2,55,365,0
1283,0,1,1,0,0,0,3,2,1,3.7,6,21,365,0
1284,1,0,1,1,0,0,2,0,0,3.2,6,69,365,0
1285,1,0,2,1,2,0,0,0,1,3.6,1,73,365,0
1286,1,1,1,1,1,1,3,2,0,4.4,5,55,365,0
1287,0,0,0,0,2,0,5,0,2,3.3,8,26,365,0
1288,0,1,1,1,0,0,6,2,0,3.8,10,75,365,0
1289,0,1,1,1,0,0,6,1,1,3.0,4,47,365,0
1290,0,1,2,1,0,0,1,2,2,3.2,6,37,365,0
1291,1,1,2,0,2,0,3,2,2,3.9,8,66,365,1
1292,0,0,0,0,2,1,3,0,1,3.1,9,35,365,0
1293,1,1,0,1,1,2,6,2,1,4.3,0,29,365,0
1294,0,1,0,0,0,0,6,0,2,4.2,7,49,365,1
1295,0,1,2,0,2,2,6,1,2,3.4,2,48,365,1
1296,1,0,2,1,0,1,3,2,1,3.9,2,64,365,0
1297,0,1,0,1,0,0,5,1,1,4.1,3,22,365,1
1298,1,1,0,0,0,0,2,2,2,4.5,0,56,365,1
1299,0,0,2,0,0,0,0,0,0,3.7,6,49,365,1
1300,0,1,1,0,0,0,1,1,0,4.9,1,50,365,0
1301,1,0,0,1,1,1,4,0,0,4.4,5,58,365,0
1302,1,0,2,0,1,2,5,2,0,3.2,2,55,365,1
1303,0,0,0,0,0,1,3,0,1,4.2,9,43,365,0
1304,1,0,0,1,2,0,3,1,1,3.5,1,78,365,0
1305,1,0,2,0,2,0,4,0,2,4.3,7,22,365,0
1306,0,0,2,1,1,2,3,1,2,4.8,9,66,365,0
1307,0,1,2,1,0,1,3,1,1,3.9,10,30,365,0
1308,1,1,2,1,2,0,2,1,0,4.5,2,26,365,1
1309,1,1,0,0,0,0,4,2,0,4.3,10,49,365,0
1310,1,0,0,0,1,2,6,2,1,3.9,10,82,365,1
1311,0,0,2,0,1,0,3,1,1,4.7,4,27,365,0
1312,0,0,0,0,1,2,4,0,2,4.8,8,22,365,0
1313,0,1,1,0,0,2,6,2,2,4.6,2,73,365,1
1314,0,1,1,1,2,2,1,0,2,3.7,9,47,365,1
1315,1,0,2,1,0,2,5,1,0,4.9,2,75,365,0
1316,1,0,2,0,0,0,4,2,1,3.9,1,23,365,0
1317,1,0,1,0,1,0,3,1,2,4.6,7,27,365,0
1318,1,0,1,1,1,1,6,0,2,3.4,10,90,365,0
1319,1,0,2,0,2,0,5,0,1,4.0,2,20,365,1
1320,1,1,0,1,1,0,0,0,2,4.2,7,72,365,0
1321,1,1,2,1,0,1,0,2,2,3.6,3,84,365,0
1322,1,1,0,0,0,0,6,2,2,4.3,1,47,365,0
1323,0,0,0,0,1,1,6,1,0,4.3,0,71,365,1
1324,1,0,1,0,1,2,6,1,1,4.4,3,28,365,0
1325,0,0,1,0,2,0,3,0,1,5.0,3,60,365,1
1326,1,0,2,0,2,0,4,1,0,4.5,9,63,365,1
1327,1,0,2,0,2,1,0,0,2,4.9,0,57,365,1
1328,1,1,1,0,0,2,5,2,0,3.3,1,84,365,0
1329,0,1,0,0,2,1,4,0,0,4.4,2,87,365,0
1330,1,1,0,0,0,1,6,1,0,3.5,7,38,365,0
1331,1,1,0,1,0,1,3,1,0,3.8,5,76,365,1
1332,0,0,1,0,0,1,5,1,1,4.0,8,21,365,1
1333,0,0,2,0,2,2,6,0,2,4.1,4,44,365,0
1334,0,0,2,0,2,0,0,0,1,3.8,3,21,365,1
1335,0,1,0,0,2,0,3,1,0,4.8,8,82,365,0
1336,1,1,2,1,2,2,3,1,1,4.5,4,90,365,0
1337,1,0,2,1,0,0,6,1,0,3.6,1,44,365,1
1338,0,1,2,0,0,0,0,1,1,3.1,10,91,365,1
1339,1,1,0,0,1,1,6,2,2,5.0,3,41,365,0
1340,0,1,2,1,1,2,0,0,2,4.3,6,83,365,1
1341,0,1,2,0,1,1,1,1,1,3.9,9,43,365,0
1342,0,1,0,1,0,2,5,0,1,4.5,8,45,365,0
1343,1,1,2,0,2,1,2,0,2,4.7,9,60,365,1
1344,1,1,1,0,1,1,6,1,2,4.4,10,69,365,0
1345,1,1,2,1,2,2,4,1,2,3.2,8,78,365,0
1346,0,1,2,1,2,1,0,2,2,3.7,2,33,365,1
1347,0,1,2,1,0,2,4,1,1,4.2,4,90,365,0
1348,1,0,2,1,2,0,5,1,0,4.6,6,48,365,1
1349,0,0,0,1,2,0,6,2,2,3.7,3,75,365,0
1350,0,1,2,0,1,1,6,0,2,3.4,6,24,365,0
1351,0,0,2,0,0,2,1,1,2,3.2,7,41,365,0
1352,0,1,2,0,0,0,4,1,0,3.7,9,75,365,0
1353,1,1,0,0,1,2,0,1,1,4.0,4,33,365,0
1354,1,0,2,1,2,1,0,2,2,3.2,9,62,365,1
1355,1,0,0,1,1,0,4,2,1,4.7,5,21,365,0
1356,1,1,2,1,2,1,5,2,0,3.8,2,62,365,0
1357,0,0,1,0,0,2,5,0,0,4.3,2,85,365,1
1358,1,0,1,1,1,1,4,1,0,4.5,5,46,365,1
1359,1,1,2,0,2,0,5,2,0,4.6,2,81,365,1
1360,1,0,2,1,2,1,4,1,0,3.4,9,87,365,1
1361,0,0,1,1,1,0,3,2,0,3.5,4,66,365,0
1362,0,0,1,0,0,1,2,1,0,3.7,1,80,365,1
1363,1,1,0,1,1,0,5,0,0,3.1,7,48,365,0
1364,1,1,0,0,2,1,6,0,2,4.0,1,78,365,0
1365,1,1,0,1,2,1,3,2,2,3.7,6,72,365,0
1366,1,0,2,1,0,0,0,0,2,3.1,6,44,365,0
1367,0,1,1,0,2,0,1,1,1,3.7,7,61,365,1
1368,1,0,0,1,0,0,0,0,2,4.7,8,88,365,1
1369,1,1,0,0,1,2,3,0,1,3.7,0,26,365,0
1370,1,1,0,0,1,0,2,1,2,4.7,6,60,365,1
1371,0,1,0,0,0,1,6,0,1,4.3,10,30,365,1
1372,1,1,1,0,2,2,4,2,2,3.5,0,92,365,1
1373,0,0,2,1,0,1,1,2,0,4.8,6,29,365,1
1374,1,1,1,1,0,0,2,1,2,3.6,5,37,365,0
1375,0,1,1,0,2,1,4,2,0,4.4,7,81,365,1
1376,1,0,2,1,2,2,6,1,0,4.6,5,32,365,0
1377,1,1,2,0,1,2,3,2,1,5.0,9,41,365,0
1378,0,1,1,0,2,0,5,0,0,4.5,2,60,365,1
1379,0,0,2,1,1,1,4,2,0,3.2,0,91,365,0
1380,0,1,1,1,2,2,0,2,2,4.6,7,84,365,0
1381,1,1,2,0,0,2,3,2,1,3.1,3,67,365,0
1382,1,0,2,0,1,0,4,0,2,3.0,7,58,365,1
1383,1,1,0,1,0,0,1,0,0,4.6,2,35,365,0
1384,1,1,0,0,2,1,6,0,0,3.7,4,88,365,1
1385,1,0,2,1,2,1,1,1,1,3.4,2,20,365,1
1386,1,1,2,1,0,2,3,2,0,3.3,10,53,365,1
1387,1,1,1,0,1,1,5,1,1,3.3,6,34,365,0
1388,1,0,2,1,0,0,1,2,0,3.7,0,67,365,0
1389,1,0,1,0,0,0,2,0,1,3.5,0,91,365,1
1390,0,1,2,1,2,0,0,2,0,3.4,3,83,365,0
1391,0,0,2,1,2,1,1,2,1,4.2,8,83,365,0
1392,0,0,0,1,2,2,3,0,1,4.4,9,83,365,1
1393,0,0,1,0,2,2,1,0,0,3.3,2,90,365,0
1394,1,0,0,0,0,1,0,2,1,4.0,0,31,365,1
1395,1,0,2,1,2,2,4,2,2,4.6,6,37,365,1
1396,1,1,1,1,0,1,4,2,0,4.0,6,80,365,1
1397,1,1,1,1,1,0,4,0,1,3.6,0,19,365,0
1398,1,1,0,1,1,0,2,0,1,4.9,1,31,365,0
1399,1,1,2,0,0,1,5,1,2,3.3,4,86,365,0
1400,0,1,1,1,1,1,1,0,2,4.1,5,66,365,0
1401,1,1,2,1,0,0,1,0,2,4.0,5,45,365,0
1402,0,1,1,1,1,0,2,1,1,3.8,6,46,365,0
1403,1,1,2,1,0,0,3,0,1,4.1,10,30,365,1
1404,0,1,2,0,0,2,2,2,0,3.3,0,87,365,1
1405,1,0,0,0,2,0,6,1,0,3.5,10,47,365,0
1406,1,0,1,1,1,0,2,1,2,3.9,7,83,365,1
1407,1,0,2,1,2,1,5,2,2,4.6,5,53,365,1
1408,0,1,2,0,1,1,4,1,1,4.2,10,83,365,1
1409,1,0,1,1,1,1,0,0,2,3.7,0,36,365,0
1410,0,1,0,0,0,1,5,1,1,4.8,5,61,365,1
1411,1,0,2,1,1,1,2,0,1,3.1,4,37,365,1
1412,0,1,1,0,0,1,3,1,0,4.0,1,22,365,0
1413,1,0,0,1,0,1,1,2,1,4.1,4,79,365,0
1414,1,1,0,1,1,2,4,2,0,3.2,0,41,365,0
1415,1,0,1,1,2,0,2,0,2,4.4,4,60,365,0
1416,1,1,0,1,0,2,0,0,1,3.5,7,85,365,0
1417,0,1,0,0,2,2,6,1,0,3.4,1,72,365,1
1418,0,0,2,1,0,1,6,1,1,3.2,0,82,365,1
1419,0,0,0,0,1,1,5,1,0,4.4,2,33,365,1
1420,0,1,2,0,1,0,2,0,1,3.9,4,38,365,1
1421,1,0,2,1,2,2,5,1,2,4.2,3,86,365,1
1422,1,1,0,1,0,1,4,0,2,4.5,4,82,365,1
1423,0,1,0,0,0,0,4,0,0,3.7,4,85,365,0
1424,1,0,2,0,0,0,6,0,0,4.1,2,52,365,0
1425,1,1,0,1,1,2,4,0,2,4.9,5,70,365,1
1426,0,1,1,0,0,1,5,1,2,3.5,2,80,365,1
1427,0,1,0,1,1,2,6,1,2,4.9,10,36,365,0
1428,1,0,0,0,0,0,0,1,0,4.3,0,70,365,0
1429,0,1,1,1,1,0,2,1,1,4.5,6,37,365,1
1430,1,0,0,0,0,2,4,2,2,3.6,8,30,365,0
1431,0,0,2,1,1,0,6,0,0,4.9,2,60,365,0
1432,0,1,1,1,1,2,5,1,2,4.7,3,61,365,0
1433,0,0,1,1,2,0,5,1,2,4.2,3,88,365,1
1434,0,1,2,0,2,1,0,2,1,3.1,4,49,365,0
1435,1,1,0,0,0,0,6,2,1,4.6,0,82,365,0
1436,0,1,1,0,2,0,3,1,0,3.3,0,69,365,0
1437,0,1,0,0,0,0,5,2,0,3.8,10,51,365,0
1438,1,1,2,0,1,2,0,1,0,3.9,4,55,365,1
1439,1,0,2,1,2,0,2,0,2,3.2,8,65,365,0
1440,1,1,0,0,2,0,2,0,1,4.3,10,20,365,0
1441,0,0,1,0,0,1,1,1,1,3.1,8,72,365,0
1442,1,1,1,1,1,2,3,1,1,3.8,0,19,365,0
1443,0,0,1,1,2,1,4,2,1,3.6,8,29,365,0
1444,1,0,2,0,0,2,0,1,0,3.5,3,88,365,0
1445,0,1,0,0,2,1,0,1,0,4.0,8,71,365,0
1446,0,0,1,1,2,0,3,1,0,3.3,3,37,365,1
1447,1,1,2,1,1,0,3,1,0,4.1,0,63,365,1
1448,1,1,1,0,2,2,4,2,1,4.4,0,68,365,0
1449,1,0,0,0,1,2,4,1,2,3.2,9,32,365,0
1450,1,0,0,1,2,1,1,1,1,4.0,5,85,365,0
1451,1,1,1,0,1,2,4,1,1,3.7,2,89,365,0
1452,0,1,1,1,0,1,6,2,0,3.5,8,79,365,0
1453,1,1,0,1,1,2,3,1,1,4.4,2,26,365,0
1454,0,0,0,1,2,2,0,2,2,4.6,9,80,365,0
1455,0,1,0,1,1,0,2,1,0,4.9,5,46,365,0
1456,1,0,0,0,1,1,1,0,2,4.2,5,64,365,1
1457,0,0,2,1,0,2,5,1,1,4.9,1,44,365,0
1458,0,0,1,0,0,0,4,0,1,3.7,2,28,365,1
1459,0,1,1,1,1,2,5,2,0,3.3,3,57,365,0
1460,0,1,0,1,1,1,0,0,1,4.8,0,72,365,1
1461,0,1,1,0,1,2,3,1,1,3.2,10,43,365,0
1462,0,1,2,1,2,0,4,2,1,3.6,8,80,365,0
1463,0,1,0,0,1,2,1,2,1,3.7,7,48,365,0
1464,0,1,2,0,2,0,6,2,1,4.3,10,49,365,0
1465,0,0,1,1,2,0,2,2,1,4.7,8,38,365,0
1466,0,0,2,1,1,2,3,0,2,4.0,7,80,365,0
1467,1,0,2,1,2,2,1,2,0,4.0,3,84,365,1
1468,0,1,2,0,1,0,2,0,0,3.7,9,52,365,0
1469,0,1,0,0,2,1,3,2,1,4.3,7,46,365,0
1470,0,1,0,0,0,2,5,2,1,3.4,1,20,365,0
1471,1,1,1,1,0,0,4,2,0,4.3,2,42,365,1
1472,0,1,0,1,1,2,4,2,0,3.2,3,89,365,0
1473,0,1,1,1,1,1,5,1,1,4.0,0,51,365,0
1474,1,0,0,1,2,2,2,2,2,3.5,6,59,365,0
1475,0,0,0,1,1,2,0,1,2,4.2,7,52,365,0
1476,1,0,1,0,0,0,4,1,2,3.7,8,39,365,1
1477,0,1,0,0,2,0,2,1,1,3.9,1,66,365,1
1478,0,1,2,0,0,1,5,0,2,5.0,0,66,365,0
1479,1,1,1,0,1,1,4,2,0,3.4,4,77,365,0
1480,1,0,1,1,1,0,4,1,2,5.0,3,53,365,0
1481,0,0,2,0,2,2,6,2,1,4.8,5,24,365,0
1482,0,1,0,0,0,1,3,1,2,4.8,9,48,365,0
1483,0,1,2,1,1,0,0,0,1,3.4,0,42,365,0
1484,1,0,2,0,0,2,4,2,1,4.9,5,72,365,1
1485,0,1,2,0,0,1,3,0,1,4.6,9,19,365,0
1486,0,1,0,0,2,2,2,0,1,3.7,6,30,365,0
1487,0,0,1,1,0,0,4,2,1,4.8,9,62,365,1
1488,1,0,0,0,1,1,1,0,2,3.3,6,33,365,1
1489,0,0,2,1,2,1,5,0,1,3.8,8,76,365,1
1490,0,1,1,0,0,1,4,1,1,4.1,3,63,365,1
1491,0,0,2,1,1,1,5,0,1,3.6,1,42,365,1
1492,1,1,0,1,2,1,3,2,2,3.1,2,33,365,0
1493,1,0,1,0,1,2,3,1,0,4.6,2,34,365,0
1494,1,0,1,0,1,0,6,1,1,3.0,5,58,365,1
1495,1,1,1,1,1,1,0,0,0,4.4,3,19,365,0
1496,0,0,0,0,0,0,1,2,1,3.7,8,79,365,0
1497,0,1,2,0,1,0,6,0,2,3.1,1,80,365,0
1498,1,1,2,0,2,2,3,0,1,4.5,0,89,365,0
1499,0,0,2,0,1,0,4,0,1,3.4,3,32,365,1
1500,0,0,1,1,2,0,4,2,0,4.8,6,23,365,1
1501,0,1,1,0,1,2,2,0,1,4.9,5,51,365,0
1502,1,0,0,1,2,1,1,0,2,4.7,5,50,365,0
1503,0,1,0,0,0,1,3,0,0,4.1,4,85,365,0
1504,1,0,2,1,1,0,1,1,0,4.1,0,26,365,0
1505,1,1,2,0,2,0,2,1,1,4.3,9,47,365,1
1506,1,1,0,0,2,0,5,1,0,4.3,1,65,365,0
1507,1,0,0,0,1,2,5,2,1,3.7,6,79,365,0
1508,0,0,1,1,2,0,6,2,1,3.5,8,90,365,1
1509,1,1,0,0,1,1,2,1,1,3.2,9,67,365,1
1510,1,0,0,1,1,1,0,1,2,4.6,9,42,365,1
1511,0,0,0,1,0,1,3,2,0,3.4,8,41,365,1
1512,0,1,2,1,0,2,2,2,1,4.6,2,84,365,1
1513,0,0,1,1,0,0,1,0,1,4.9,9,84,365,0
1514,1,0,2,1,1,1,4,0,1,3.3,6,69,365,1
1515,0,0,0,1,1,0,6,0,2,4.5,6,66,365,1
1516,1,0,0,0,2,1,4,0,0,4.7,8,56,365,1
1517,0,1,2,1,1,0,2,0,0,4.0,1,42,365,1
1518,1,0,0,0,2,0,2,2,1,4.1,5,82,365,1
1519,1,1,2,0,0,0,4,2,1,4.2,3,62,365,0
1520,0,0,0,0,2,2,4,2,1,4.8,6,51,365,1
1521,1,0,1,1,0,0,2,0,0,4.6,8,24,365,0
1522,0,1,1,0,2,0,5,0,0,3.5,6,88,365,0
1523,1,1,1,0,1,2,0,1,0,4.4,8,68,365,0
1524,0,1,1,1,2,1,2,1,1,3.0,2,61,365,1
1525,0,0,2,1,0,1,1,0,0,3.1,2,57,365,0
1526,0,1,1,1,2,2,5,2,2,3.5,3,64,365,0
1527,0,1,0,0,1,1,4,2,0,3.0,6,33,365,1
1528,1,0,1,1,0,0,1,2,1,3.3,0,84,365,0
1529,0,1,1,1,1,0,2,0,0,3.9,5,75,365,0
1530,0,1,1,0,2,1,0,0,1,4.2,9,45,365,1
1531,0,1,2,0,2,2,4,0,2,3.5,0,52,365,1
1532,0,1,1,1,2,0,4,0,2,4.3,0,83,365,1
1533,1,1,0,1,1,1,3,2,0,4.9,6,34,365,0
1534,0,0,0,0,0,2,3,0,0,3.1,5,50,365,0
1535,1,1,2,0,2,2,1,0,0,3.9,10,23,365,0
1536,0,0,2,1,0,2,5,1,0,3.9,1,85,365,1
1537,1,1,1,0,0,1,0,2,0,3.7,3,20,365,1
1538,1,0,0,0,0,2,2,1,1,4.1,9,38,365,1
1539,0,1,2,0,2,2,4,1,1,3.5,2,47,365,1
1540,0,0,0,0,1,2,2,1,2,3.4,10,53,365,0
1541,0,0,0,0,2,2,6,0,1,3.1,4,67,365,1
1542,1,0,2,0,2,2,3,0,2,3.3,0,77,365,1
1543,0,1,1,0,2,2,0,0,0,3.8,0,23,365,1
1544,1,1,2,0,0,1,1,1,1,4.5,8,58,365,0
1545,0,1,1,1,0,2,0,0,0,4.3,3,90,365,1
1546,0,0,0,0,1,0,4,2,1,3.0,8,85,365,0
1547,0,1,0,1,2,2,1,1,0,3.6,1,36,365,1
1548,1,0,0,1,0,0,5,2,1,3.4,5,65,365,1
1549,1,0,0,0,2,0,1,1,2,4.0,9,84,365,0
1550,0,1,1,0,0,1,2,1,1,4.5,9,68,365,0
1551,0,0,2,1,2,0,6,2,1,3.1,7,55,365,0
1552,1,0,1,0,2,2,0,2,1,5.0,7,84,365,0
1553,0,0,1,0,0,1,0,1,0,3.6,3,53,365,1
1554,0,0,0,0,2,2,6,1,2,4.5,1,51,365,1
1555,1,1,2,0,1,0,0,0,0,4.4,1,25,365,0
1556,1,1,1,0,2,0,2,0,2,3.7,0,22,365,0
1557,1,0,1,0,0,1,3,1,2,3.8,7,60,365,0
1558,0,0,1,0,1,1,6,0,1,4.2,1,91,365,0
1559,1,0,0,0,1,2,5,2,2,4.0,10,58,365,1
1560,1,1,2,0,2,2,3,0,1,3.5,3,65,365,1
1561,0,0,2,1,2,0,4,1,1,4.3,1,62,365,1
1562,0,0,0,1,2,0,0,0,2,3.7,0,76,365,1
1563,1,1,2,0,1,0,4,0,2,3.6,0,52,365,0
1564,0,1,0,1,1,1,5,1,2,3.7,4,33,365,1
1565,1,1,2,0,0,1,0,2,0,3.8,5,72,365,1
1566,0,1,2,0,0,2,0,2,0,3.9,5,38,365,0
1567,0,0,0,1,2,0,0,1,0,4.5,7,85,365,0
1568,0,0,0,0,0,2,3,1,0,4.1,9,87,365,1
1569,1,0,1,0,1,1,1,2,2,4.9,4,55,365,1
1570,0,1,0,1,1,0,2,0,2,3.5,6,28,365,0
1571,0,1,1,1,1,0,4,2,0,3.1,9,86,365,0
1572,1,0,0,1,2,2,0,0,0,3.2,10,78,365,1
1573,1,0,1,1,2,1,4,0,0,4.7,7,73,365,0
1574,0,0,0,1,0,1,2,1,1,3.1,10,40,365,0
1575,0,1,0,0,1,0,4,1,1,3.6,6,32,365,0
1576,0,1,0,0,1,2,6,1,0,3.5,7,37,365,0
1577,0,1,2,0,0,2,0,2,1,3.4,1,28,365,0
1578,1,1,1,1,1,2,0,2,1,3.3,1,64,365,0
1579,0,1,0,0,2,1,6,1,2,3.2,3,25,365,0
1580,1,0,0,0,1,0,6,1,0,3.7,8,51,365,0
1581,0,0,2,0,1,1,0,0,0,4.8,4,54,365,1
1582,0,1,2,0,1,2,5,2,1,4.4,4,32,365,1
1583,1,0,1,0,1,2,2,1,1,3.9,8,88,365,0
1584,0,0,0,1,0,2,5,2,2,3.1,10,60,365,0
1585,0,0,2,1,1,1,4,0,2,3.8,10,67,365,0
1586,1,0,0,1,2,2,6,1,2,5.0,4,84,365,0
1587,1,1,2,1,0,2,0,0,1,3.2,9,43,365,0
1588,1,1,1,1,0,1,2,2,0,3.7,2,21,365,0
1589,1,0,2,1,1,0,1,1,0,4.3,5,51,365,1
1590,0,0,1,1,0,1,6,0,0,4.8,10,42,365,0
1591,1,0,2,1,0,0,2,1,1,4.8,10,79,365,1
1592,1,1,2,0,0,1,2,0,2,4.3,5,83,365,1
1593,0,0,0,1,1,1,6,2,1,4.2,1,70,365,0
1594,1,1,0,0,2,1,6,1,2,3.3,0,90,365,1
1595,1,1,1,1,0,2,2,1,0,4.9,1,68,365,1
1596,0,1,0,0,0,2,4,0,1,3.3,5,50,365,0
1597,1,1,2,0,1,2,6,0,1,4.1,10,66,365,1
1598,0,0,1,0,0,2,1,0,2,4.1,9,24,365,1
1599,1,0,2,1,2,1,6,1,1,4.7,2,57,365,0
1600,1,1,0,0,2,0,4,2,1,3.5,1,28,365,1
1601,1,0,0,0,1,1,0,1,1,4.5,4,45,365,1
1602,1,1,0,0,1,0,4,1,1,3.1,6,27,365,1
1603,1,0,2,1,1,1,1,2,1,3.9,0,53,365,0
1604,0,1,1,1,0,1,6,2,2,4.0,1,75,365,1
1605,1,0,0,0,1,2,4,1,1,3.5,6,82,365,0
1606,1,1,0,0,0,2,3,2,2,3.8,5,52,365,0
1607,0,1,0,0,1,0,2,1,1,4.1,4,48,365,0
1608,0,0,0,1,1,1,3,0,0,4.9,7,57,365,1
1609,0,1,0,1,0,2,1,1,2,4.7,3,22,365,1
1610,1,0,1,0,1,0,4,1,1,3.2,6,84,365,0
1611,1,1,2,0,2,1,3,1,2,3.7,4,63,365,0
1612,0,0,0,0,2,0,0,1,0,4.8,4,73,365,1
1613,1,0,2,1,1,0,1,0,0,3.9,6,88,365,1
1614,1,0,0,0,1,1,5,1,2,4.6,4,91,365,0
1615,0,1,1,0,0,1,5,2,2,3.5,0,55,365,0
1616,0,0,1,0,2,0,5,2,1,4.2,4,85,365,0
1617,1,1,1,1,0,2,4,0,0,4.8,1,65,365,0
1618,0,0,2,0,0,2,0,2,0,4.0,4,31,365,0
1619,0,0,2,1,0,1,2,2,1,4.6,5,34,365,1
1620,1,0,0,1,0,1,3,0,1,3.2,7,65,365,0
1621,1,1,2,1,2,1,6,1,2,3.6,10,69,365,0
1622,0,0,2,1,2,1,2,2,0,4.7,4,34,365,0
1623,0,0,1,1,2,0,0,1,1,3.4,3,48,365,0
1624,1,1,1,1,1,1,6,2,1,4.7,10,44,365,1
1625,1,1,0,1,0,1,1,1,2,4.3,5,28,365,0
1626,0,1,0,0,0,0,2,0,1,3.0,5,28,365,0
1627,1,1,2,1,1,1,0,2,0,4.2,3,34,365,0
1628,0,1,1,1,0,2,6,0,0,3.2,0,62,365,1
1629,0,1,1,1,0,2,5,2,0,3.5,7,47,365,0
1630,1,0,1,0,1,0,4,0,1,4.2,4,86,365,1
1631,1,0,0,0,1,1,3,0,2,4.3,4,75,365,1
1632,1,0,2,0,0,0,2,1,0,3.3,2,38,365,0
1633,0,1,2,1,2,0,0,2,0,4.3,2,43,365,1
1634,1,0,2,1,2,1,6,1,1,4.7,9,45,365,0
1635,1,0,2,0,2,0,3,0,0,4.5,4,78,365,1
1636,0,1,1,1,0,2,1,1,0,4.0,5,49,365,0
1637,0,1,1,0,0,2,3,0,0,4.4,4,24,365,1
1638,1,0,1,1,0,2,1,1,2,4.9,2,87,365,1
1639,1,1,2,1,2,2,0,1,0,4.2,2,48,365,0
1640,0,0,2,0,1,2,5,0,1,4.8,9,77,365,0
1641,1,1,0,1,0,1,5,2,1,3.5,3,20,365,0
1642,0,1,0,1,2,2,5,0,2,3.5,2,28,365,0
1643,1,1,2,0,2,2,5,2,0,4.8,1,64,365,0
1644,0,0,1,0,1,2,2,0,1,3.9,4,83,365,0
1645,0,0,2,0,1,1,5,0,0,4.3,8,65,365,0
1646,1,0,2,0,2,1,1,0,0,3.2,0,45,365,1
1647,1,0,2,1,1,1,2,2,0,4.7,0,76,365,0
1648,1,1,0,1,1,1,0,1,2,4.5,8,54,365,0
1649,1,1,1,1,1,1,5,2,1,4.3,8,92,365,0
1650,0,1,1,0,1,2,4,2,2,3.0,4,32,365,1
1651,0,1,2,1,0,1,0,0,2,3.9,3,38,365,0
1652,1,1,1,0,2,1,1,2,0,4.3,7,50,365,0
1653,1,1,2,0,1,2,1,2,0,3.5,5,59,365,1
1654,0,0,2,0,2,1,2,0,0,3.1,4,57,365,1
1655,1,1,0,1,1,2,4,1,1,4.6,3,55,365,0
1656,1,1,2,1,1,1,2,1,1,4.0,5,62,365,1
1657,1,1,1,1,1,2,3,0,1,3.2,10,36,365,1
1658,0,0,1,1,2,0,4,0,0,5.0,7,49,365,1
1659,1,1,0,0,0,1,5,1,0,3.4,5,75,365,1
1660,0,1,1,1,2,1,1,0,2,5.0,1,77,365,0
1661,0,0,0,0,2,2,1,0,0,3.0,8,53,365,0
1662,0,1,0,0,1,0,4,0,2,3.2,5,35,365,0
1663,1,0,2,0,1,2,4,0,1,4.0,4,28,365,0
1664,1,0,0,1,2,0,6,2,2,4.5,5,68,365,1
1665,0,1,2,1,1,1,1,0,1,4.7,8,87,365,0
1666,1,1,2,1,1,1,6,2,1,3.3,1,40,365,0
1667,0,1,0,1,0,0,5,2,1,3.6,1,48,365,1
1668,1,1,2,1,2,2,1,0,1,3.4,10,20,365,0
1669,1,1,0,1,2,1,1,0,2,4.8,6,39,365,0
1670,0,1,1,0,0,0,1,0,2,4.1,0,34,365,1
1671,1,0,0,0,1,0,6,2,0,4.3,6,69,365,0
1672,0,0,0,1,0,0,3,0,0,4.8,1,80,365,0
1673,0,0,0,1,0,1,6,1,2,4.9,10,46,365,0
1674,0,0,0,1,1,2,6,1,0,3.9,5,82,365,1
1675,1,0,0,1,0,1,5,2,1,5.0,10,41,365,1
1676,0,1,0,0,1,2,1,1,0,4.3,6,41,365,0
1677,1,0,1,0,2,2,2,0,2,3.1,3,52,365,0
1678,1,1,1,0,0,0,1,1,0,3.9,9,41,365,0
1679,0,1,2,1,1,2,1,2,0,4.2,4,84,365,0
1680,1,0,2,0,2,1,1,0,2,4.4,9,67,365,1
1681,0,1,0,1,0,1,6,1,0,3.6,2,68,365,1
1682,1,0,1,1,1,2,5,0,0,3.1,1,45,365,1
1683,1,1,0,0,1,1,1,1,1,3.4,8,36,365,0
1684,1,1,2,1,2,2,2,2,1,4.6,6,81,365,1
1685,1,0,0,0,1,0,5,2,1,3.5,2,50,365,0
1686,1,1,2,1,0,1,0,0,1,3.9,6,57,365,1
1687,0,1,2,1,2,0,2,2,0,4.7,10,33,365,0
1688,1,1,2,1,2,2,4,2,2,4.4,3,89,365,0
1689,0,0,0,0,2,1,5,0,1,4.6,0,66,365,1
1690,1,1,2,1,1,1,0,1,0,4.8,9,58,365,0
1691,1,0,1,0,2,0,5,2,1,4.2,0,76,365,0
1692,0,0,2,0,1,0,4,1,1,4.3,0,85,365,0
1693,1,1,1,1,2,1,4,1,2,3.2,7,26,365,0
1694,1,1,0,0,1,1,4,0,2,4.0,8,81,365,0
1695,0,0,1,0,1,0,6,1,1,4.5,7,61,365,0
1696,0,0,1,0,0,0,1,0,2,3.5,2,68,365,0
1697,1,1,0,0,1,2,3,1,2,4.4,0,46,365,0
1698,1,0,1,1,1,2,1,0,1,3.1,4,76,365,0
1699,1,1,2,0,0,2,3,0,0,3.8,2,20,365,0
1700,0,0,1,1,0,2,4,2,2,3.0,7,84,365,0
1701,1,1,0,0,2,1,1,2,0,3.3,2,79,365,1
1702,0,0,1,0,1,2,1,1,1,3.3,9,74,365,0
1703,1,0,0,1,0,2,5,2,2,3.0,0,53,365,1
1704,1,0,2,1,2,2,1,1,2,3.9,7,19,365,1
1705,0,1,0,1,0,2,6,2,2,3.8,6,33,365,1
1706,0,1,0,1,2,0,3,0,1,4.0,3,61,365,1
1707,1,1,0,0,1,1,0,2,1,4.5,0,52,365,1
1708,1,0,0,1,1,0,4,0,0,3.5,3,61,365,0
1709,0,0,2,0,1,1,3,1,2,3.8,0,60,365,1
1710,1,1,1,0,1,2,0,2,0,4.0,5,73,365,1
1711,0,0,1,1,0,2,1,0,0,3.0,1,79,365,0
1712,0,1,1,1,1,1,0,2,2,3.0,3,37,365,1
1713,0,0,1,1,1,1,2,1,0,3.6,1,20,365,0
1714,0,0,2,0,0,1,1,0,1,4.3,4,22,365,1
1715,1,0,2,1,2,0,6,1,0,4.7,2,67,365,1
1716,0,1,2,0,0,2,0,0,2,4.7,3,87,365,0
1717,1,1,1,1,0,0,6,1,1,4.3,5,29,365,1
1718,0,1,0,0,2,0,2,0,1,4.6,7,36,365,1
1719,1,1,1,1,0,2,3,2,2,3.7,1,44,365,0
1720,0,0,0,0,0,2,4,2,0,3.1,9,85,365,1
1721,1,1,0,0,1,2,3,1,1,3.8,9,51,365,1
1722,1,0,0,1,1,1,6,2,2,3.8,0,60,365,1
1723,1,0,0,1,2,1,5,2,1,4.2,6,55,365,0
1724,0,0,1,1,0,0,1,2,1,4.3,2,28,365,1
1725,1,1,2,1,0,2,1,2,1,3.1,1,48,365,1
1726,1,1,1,1,1,2,3,0,0,3.7,5,57,365,0
1727,0,0,1,0,0,2,0,1,0,4.7,1,62,365,0
1728,0,1,2,0,2,2,4,0,2,3.3,9,88,365,0
1729,1,0,0,0,1,0,0,1,1,3.7,1,32,365,0
1730,1,1,0,0,2,2,2,2,0,4.1,4,78,365,0
1731,0,1,2,0,2,2,2,0,2,4.5,4,81,365,1
1732,0,0,2,0,0,1,2,1,0,3.3,8,47,365,1
1733,0,1,1,1,0,1,2,2,2,3.9,4,41,365,1
1734,1,1,2,0,1,2,6,1,1,3.1,1,55,365,0
1735,0,0,0,1,2,0,0,2,1,3.0,8,56,365,0
1736,0,0,0,0,1,2,3,1,1,4.1,1,61,365,1
1737,1,0,2,1,0,1,2,2,0,4.0,8,59,365,0
1738,0,1,2,1,1,1,6,1,0,4.6,9,75,365,1
1739,0,0,0,1,1,0,6,2,0,3.1,6,45,365,1
1740,0,1,1,1,0,1,1,1,0,3.2,1,25,365,1
1741,0,1,1,0,1,2,2,0,2,4.5,2,61,365,0
1742,1,1,2,0,1,2,6,2,2,4.2,1,46,365,0
1743,1,1,1,0,1,2,6,2,2,3.1,0,89,365,0
1744,1,0,0,0,1,1,4,1,0,4.9,1,61,365,0
1745,0,0,2,1,0,2,5,1,0,3.5,0,31,365,0
1746,0,1,2,0,0,2,5,0,2,4.7,5,73,365,0
1747,0,0,1,0,2,1,1,2,0,3.9,2,61,365,0
1748,1,1,1,0,1,1,5,2,0,3.9,1,75,365,0
1749,1,1,0,1,1,2,3,2,2,4.6,8,19,365,0
1750,1,1,0,1,2,1,1,1,2,3.8,10,75,365,0
1751,0,1,0,1,0,0,5,0,2,3.9,4,25,365,0
1752,0,0,1,0,0,2,2,1,1,4.7,6,43,365,1
1753,1,0,2,1,0,1,2,2,1,4.3,3,51,365,0
1754,0,0,1,0,0,2,6,1,1,3.3,1,64,365,0
1755,1,1,0,1,0,1,3,0,2,3.2,9,59,365,0
1756,1,1,2,0,2,0,1,2,0,4.8,1,23,365,0
1757,0,0,0,1,2,1,3,0,0,4.9,4,83,365,1
1758,0,1,0,0,1,1,6,0,1,4.2,1,68,365,1
1759,1,0,2,0,1,1,5,0,0,3.7,3,37,365,0
1760,0,1,2,0,0,0,0,0,1,3.9,7,48,365,0
1761,1,1,0,1,0,2,3,1,0,3.5,3,74,365,0
1762,0,0,2,1,0,0,4,1,2,4.9,1,89,365,1
1763,1,1,0,1,1,0,0,0,0,3.0,8,83,365,1
1764,0,1,0,1,2,1,3,0,0,4.6,7,32,365,1
1765,0,1,0,1,0,0,6,1,0,4.4,5,25,365,0
1766,1,0,2,1,0,1,4,0,2,3.5,2,61,365,0
1767,0,0,1,1,0,0,2,1,1,3.0,0,44,365,1
1768,1,0,1,1,0,0,6,1,1,3.1,1,86,365,0
1769,0,0,0,0,1,1,4,1,0,3.8,3,80,365,0
1770,1,0,1,1,2,1,6,1,2,3.5,9,22,365,1
1771,1,1,1,1,0,2,0,2,1,4.3,0,65,365,1
1772,1,1,0,1,1,1,1,0,2,3.5,6,67,365,1
1773,0,0,1,1,2,0,5,2,0,4.6,10,85,365,0
1774,0,0,2,1,0,0,6,0,2,4.4,6,33,365,0
1775,1,1,2,1,0,0,1,0,2,3.1,0,75,365,0
1776,0,1,0,0,1,2,5,0,1,3.1,7,73,365,0
1777,0,1,2,0,2,0,4,2,0,4.7,4,70,365,0
1778,1,1,1,0,1,0,1,2,0,3.4,0,25,365,1
1779,0,0,1,0,0,1,0,1,0,3.6,3,87,365,0
1780,1,1,0,0,1,2,0,1,0,4.2,1,79,365,1
1781,0,0,0,1,0,2,3,2,1,3.8,1,76,365,0
1782,0,1,0,1,2,2,1,1,0,4.9,6,39,365,1
1783,0,1,2,1,0,2,4,1,2,3.9,2,72,365,0
1784,0,1,1,1,1,1,5,2,2,3.9,0,55,365,1
1785,1,0,1,1,2,1,0,2,2,4.5,8,59,365,0
1786,0,1,0,1,0,0,3,0,1,3.8,10,45,365,0
1787,0,1,1,1,1,0,1,0,1,3.5,1,58,365,0
1788,0,1,2,0,2,1,5,2,2,3.7,5,23,365,0
1789,1,1,1,0,1,2,4,0,0,3.3,0,81,365,0
1790,0,0,0,1,2,1,5,2,2,4.9,8,22,365,1
1791,1,1,0,1,1,2,6,1,2,3.8,7,43,365,0
1792,0,0,0,0,2,2,4,2,1,3.1,0,91,365,0
1793,1,1,2,0,0,2,1,2,1,3.9,0,89,365,0
1794,1,0,1,1,1,0,5,2,0,3.2,0,26,365,0
1795,1,1,0,1,2,1,1,1,1,4.3,3,61,365,1
1796,0,0,1,0,0,0,3,0,2,3.2,8,89,365,0
1797,0,1,0,0,0,2,6,2,1,3.1,10,70,365,0
1798,1,1,2,0,2,1,0,1,1,4.0,9,82,365,0
1799,1,1,2,1,2,2,0,2,1,4.1,3,81,365,1
1800,0,0,1,0,0,1,1,1,0,3.5,1,61,365,0
1801,1,1,2,1,1,2,6,2,2,3.1,1,26,365,0
1802,0,1,2,0,0,1,6,1,0,3.8,8,40,365,1
1803,1,0,2,0,2,1,2,0,2,4.2,3,37,365,0
1804,1,0,1,0,0,0,3,2,1,4.8,10,52,365,1
1805,1,0,2,0,1,1,6,0,2,3.9,0,88,365,1
1806,0,1,1,0,0,1,2,1,1,4.7,1,81,365,0
1807,1,0,0,0,1,0,0,2,0,3.8,4,70,365,0
1808,1,0,2,1,2,1,4,1,2,3.3,1,84,365,0
1809,1,1,1,1,2,2,2,1,2,3.7,9,41,365,1
1810,0,1,0,0,0,1,2,0,2,4.5,4,91,365,0
1811,1,1,1,1,2,1,5,0,0,3.1,10,77,365,0
1812,0,0,2,0,0,0,6,1,1,4.7,10,63,365,0
1813,0,0,0,1,2,0,3,1,0,3.7,1,80,365,0
1814,0,0,2,0,0,2,0,1,2,4.1,7,52,365,0
1815,0,1,0,0,2,2,6,0,0,4.4,2,88,365,0
1816,0,1,2,0,2,1,4,1,1,3.2,1,32,365,1
1817,0,0,0,1,1,0,3,0,2,3.4,2,82,365,1
1818,0,0,2,0,1,1,3,1,2,4.1,5,84,365,0
1819,1,0,1,1,1,0,3,0,0,4.2,3,89,365,0
1820,1,1,1,1,1,2,1,0,2,3.8,6,53,365,1
1821,1,0,1,0,0,2,4,1,0,3.7,8,39,365,0
1822,1,0,0,1,1,0,0,2,1,5.0,0,82,365,0
1823,0,0,0,0,2,1,6,1,0,3.7,5,82,365,1
1824,0,0,0,0,2,0,3,0,1,4.3,2,64,365,0
1825,0,1,0,0,1,2,5,0,0,4.5,0,88,365,0
1826,1,0,0,1,2,2,2,2,2,4.8,7,49,365,1
1827,1,0,2,1,1,1,0,1,0,3.5,5,91,365,0
1828,1,1,1,1,0,1,4,0,1,3.6,8,59,365,0
1829,1,1,0,1,1,0,3,2,1,4.7,1,58,365,0
1830,0,1,2,1,2,0,5,1,2,3.4,6,33,365,1
1831,0,0,0,1,2,0,1,2,0,3.2,8,54,365,0
1832,1,0,1,0,2,0,0,0,2,4.9,2,85,365,1
1833,0,1,2,0,0,1,2,1,2,4.1,3,61,365,0
1834,0,0,1,1,0,0,5,2,0,3.6,3,78,365,0
1835,0,1,1,0,0,1,3,0,0,5.0,8,85,365,0
1836,1,0,1,1,0,0,5,0,0,4.7,4,25,365,1
1837,1,1,1,0,1,2,0,2,2,3.7,5,26,365,0
1838,0,0,1,0,2,0,6,2,0,3.5,10,52,365,1
1839,1,0,2,1,0,0,0,1,2,4.6,7,57,365,0
1840,1,0,0,1,1,0,5,2,0,3.2,9,56,365,1
1841,0,1,1,0,0,2,3,2,0,4.6,10,21,365,0
1842,0,1,2,1,1,1,2,1,1,3.8,1,81,365,0
1843,1,1,1,1,0,0,5,2,0,4.3,10,55,365,1
1844,1,1,1,0,1,0,0,1,2,4.3,10,54,365,0
1845,0,0,2,0,2,2,4,2,1,4.2,9,60,365,0
1846,1,1,2,1,2,2,0,0,0,3.7,1,54,365,0
1847,0,1,1,1,0,2,4,2,1,5.0,5,72,365,1
1848,1,0,1,0,1,1,1,1,1,3.2,4,58,365,1
1849,0,1,1,1,1,2,1,0,0,3.2,7,43,365,0
1850,1,1,1,1,1,1,5,2,2,5.0,0,75,365,0
1851,1,1,0,1,1,1,2,1,1,4.8,9,20,365,0
1852,1,0,2,0,0,2,3,1,0,3.9,10,60,365,1
1853,0,0,1,1,1,1,1,2,2,3.8,0,77,365,1
1854,0,1,2,0,0,2,3,1,0,4.4,9,37,365,1
1855,0,1,0,1,0,1,0,1,1,4.7,0,38,365,0
1856,0,0,1,1,2,0,1,0,2,3.8,7,28,365,0
1857,1,0,2,0,0,0,4,1,1,3.3,4,21,365,0
1858,1,1,2,1,2,0,3,0,0,3.4,7,58,365,1
1859,1,0,2,1,0,0,4,1,2,3.0,7,47,365,0
1860,0,0,2,0,0,1,4,0,2,4.7,3,27,365,0
1861,0,1,1,0,0,1,4,0,0,4.3,10,28,365,0
1862,1,0,0,0,0,0,4,0,0,3.0,5,50,365,1
1863,1,1,0,1,0,2,2,1,2,3.9,1,42,365,0
1864,1,0,2,1,0,1,2,2,1,4.1,1,75,365,1
1865,1,1,1,1,2,1,2,1,1,4.6,0,63,365,0
1866,1,1,0,0,0,0,5,1,2,4.6,5,51,365,0
1867,1,1,1,1,0,0,1,2,2,4.3,5,34,365,1
1868,1,1,1,0,2,2,3,1,2,3.6,2,91,365,0
1869,1,0,1,0,2,1,3,0,0,3.9,7,39,365,1
1870,0,1,2,0,0,2,6,2,2,3.3,2,43,365,0
1871,0,1,0,1,1,0,2,0,1,3.1,8,34,365,0
1872,0,1,1,1,1,0,4,0,1,4.1,10,27,365,0
1873,0,1,2,1,1,1,4,2,1,4.3,6,82,365,0
1874,1,0,1,0,2,0,3,0,1,4.6,3,80,365,0
1875,0,1,1,0,1,0,2,2,1,3.1,5,26,365,0
1876,1,1,2,0,0,1,4,0,2,4.3,2,22,365,1
1877,1,0,0,0,0,2,4,0,1,4.9,1,29,365,0
1878,0,0,0,1,1,0,3,2,1,3.3,5,52,365,0
1879,0,0,0,1,1,0,6,1,1,3.9,5,90,365,0
1880,1,1,0,0,0,2,1,1,1,4.6,5,32,365,0
1881,0,0,1,1,2,0,6,0,2,3.0,0,55,365,1
1882,0,1,2,1,1,1,2,1,2,4.9,2,76,365,0
1883,1,1,2,1,0,1,5,2,1,4.7,3,61,365,0
1884,0,0,0,0,2,0,0,2,0,4.3,9,78,365,1
1885,0,1,0,1,0,1,4,1,1,4.0,6,51,365,1
1886,1,1,0,0,1,0,4,2,1,3.4,6,74,365,0
1887,1,0,2,0,2,1,4,2,1,3.4,7,37,365,1
1888,0,1,0,1,2,0,1,1,2,4.3,4,62,365,1
1889,1,1,2,1,0,1,5,0,2,3.3,8,33,365,0
1890,0,1,0,1,0,1,1,2,2,4.7,9,21,365,0
1891,0,1,0,0,0,2,1,1,0,4.1,1,36,365,0
1892,1,1,2,1,1,2,2,2,1,4.1,5,34,365,0
1893,0,0,0,0,2,0,0,0,0,4.3,2,68,365,1
1894,0,1,2,0,2,1,0,2,0,3.6,10,87,365,1
1895,1,1,2,1,1,2,0,2,2,3.9,8,86,365,0
1896,0,0,2,1,2,1,1,0,2,3.8,1,76,365,1
1897,0,1,1,1,2,1,6,0,1,4.5,10,61,365,1
1898,0,1,2,0,0,0,4,0,1,4.9,9,26,365,0
1899,1,0,1,1,0,2,6,1,2,4.7,10,62,365,0
1900,0,0,2,0,2,0,0,2,2,4.5,5,59,365,1
1901,0,1,2,1,0,0,3,1,2,3.5,10,73,365,1
1902,0,0,1,0,2,2,3,0,2,4.7,9,39,365,1
1903,0,1,0,1,1,0,1,1,0,5.0,4,31,365,0
1904,0,1,0,0,0,2,4,1,1,4.0,6,81,365,1
1905,0,1,1,1,1,1,3,0,0,4.9,8,36,365,1
1906,1,0,2,0,2,0,2,2,1,3.7,8,60,365,1
1907,1,0,2,1,2,0,4,0,1,3.3,3,30,365,0
1908,1,0,1,0,1,1,6,0,2,3.6,1,36,365,1
1909,0,1,2,1,0,1,0,1,0,3.8,0,57,365,0
1910,0,1,2,0,0,0,4,1,0,4.3,7,61,365,1
1911,0,1,0,0,1,1,2,2,2,4.5,9,21,365,1
1912,0,1,1,0,1,1,2,1,0,4.5,0,76,365,0
1913,0,0,1,0,0,2,4,2,1,4.1,3,40,365,1
1914,1,1,1,0,1,1,3,2,2,4.5,4,68,365,1
1915,1,0,2,0,2,0,3,2,0,3.3,5,38,365,0
1916,1,0,0,0,1,0,4,2,1,3.4,5,89,365,1
1917,0,1,0,0,2,2,4,0,0,3.1,3,76,365,1
1918,0,0,2,1,0,0,2,1,1,4.9,1,51,365,1
1919,1,0,2,0,0,2,6,1,0,3.9,6,69,365,0
1920,0,1,2,0,0,2,0,0,1,3.0,3,37,365,0
1921,1,0,1,1,0,0,6,0,2,3.6,10,52,365,1
1922,1,0,2,0,2,0,2,0,2,3.2,0,22,365,0
1923,1,0,2,0,0,2,1,0,2,4.7,6,83,365,0
1924,1,1,2,1,0,0,6,2,0,3.5,2,23,365,1
1925,1,1,0,0,0,0,2,2,2,5.0,3,87,365,1
1926,0,0,1,0,0,1,3,0,2,3.5,8,50,365,1
1927,0,0,2,1,2,2,5,0,1,3.3,2,86,365,0
1928,0,0,0,1,0,0,3,1,2,4.5,7,40,365,1
1929,0,0,2,0,1,2,2,1,2,4.1,3,29,365,0
1930,0,1,2,0,2,2,6,0,2,3.8,4,19,365,0
1931,1,0,2,1,2,0,5,1,2,3.9,8,83,365,0
1932,0,1,0,0,1,1,5,2,2,3.8,5,51,365,1
1933,0,1,2,1,1,2,2,2,2,4.2,10,77,365,0
1934,0,1,1,1,1,2,1,2,2,3.7,10,55,365,1
1935,0,1,0,0,0,1,5,1,1,3.1,8,74,365,1
1936,0,1,2,1,1,2,6,2,1,4.8,9,28,365,0
1937,1,1,2,0,2,0,6,1,2,4.4,5,32,365,1
1938,1,1,0,1,0,0,4,0,0,3.2,8,34,365,0
1939,0,1,1,0,2,0,2,1,2,3.5,1,54,365,0
1940,0,0,0,1,1,0,6,0,2,3.9,3,69,365,0
1941,0,1,0,1,0,1,1,0,2,3.1,5,38,365,0
1942,1,0,1,0,2,0,4,2,1,3.4,6,38,365,0
1943,0,1,2,0,1,0,3,1,1,3.2,1,37,365,0
1944,0,1,0,1,1,2,2,0,2,3.6,9,21,365,1
1945,0,0,1,0,1,1,4,1,0,4.2,1,42,365,0
1946,0,1,2,0,0,1,1,1,2,4.8,7,26,365,1
1947,1,1,2,0,1,1,3,1,0,3.5,9,29,365,0
1948,1,0,1,1,1,2,3,2,0,4.8,2,21,365,0
1949,0,0,2,0,0,2,3,2,2,4.8,9,79,365,1
1950,0,0,0,0,0,2,2,2,2,3.5,4,78,365,1
1951,0,1,2,1,0,2,3,0,0,4.2,10,28,365,0
1952,1,1,2,0,2,0,1,2,2,4.6,5,79,365,1
1953,0,0,2,1,2,0,2,1,0,3.1,2,81,365,0
1954,0,1,1,0,1,1,0,1,1,4.6,5,45,365,0
1955,1,1,2,1,1,2,6,1,1,4.7,0,39,365,0
1956,0,1,1,1,0,2,1,2,2,3.3,2,63,365,0
1957,0,1,2,1,1,1,0,2,2,3.3,9,23,365,0
1958,1,1,1,1,2,1,6,1,0,4.5,4,23,365,0
1959,1,0,0,0,1,0,5,1,1,4.4,10,68,365,0
1960,0,1,0,1,1,2,5,1,2,3.9,9,62,365,0
1961,1,1,1,0,0,2,2,2,0,3.4,6,39,365,1
1962,0,1,1,0,1,2,3,0,0,4.3,7,70,365,0
1963,1,0,1,0,0,2,5,2,2,4.8,1,42,365,1
1964,1,0,2,0,2,0,4,1,1,3.8,6,63,365,1
1965,0,0,1,0,1,0,3,0,2,4.9,0,58,365,0
1966,1,1,2,1,0,1,1,1,1,3.6,7,63,365,0
1967,0,0,1,1,2,2,3,0,0,4.2,8,73,365,1
1968,1,1,1,0,1,2,3,2,1,3.8,9,30,365,0
1969,1,0,0,1,0,1,4,2,1,3.4,7,26,365,1
1970,1,0,0,1,0,0,3,0,0,4.3,8,48,365,1
1971,0,0,0,0,1,2,1,1,0,3.6,0,90,365,0
1972,0,0,1,1,0,0,3,0,0,3.2,10,53,365,0
1973,0,1,1,1,0,0,6,1,0,4.2,5,20,365,0
1974,0,1,1,1,2,1,0,2,2,3.2,2,87,365,1
1975,1,0,1,0,0,2,6,1,1,4.6,3,66,365,1
1976,0,1,1,1,0,2,1,2,1,3.1,8,38,365,0
1977,0,0,1,1,1,1,5,1,2,4.6,4,77,365,1
1978,0,0,2,0,0,2,1,1,1,3.0,8,62,365,0
1979,0,1,1,0,1,2,3,0,2,4.1,3,60,365,1
1980,1,0,0,0,0,1,3,1,2,3.5,9,35,365,1
1981,0,1,2,0,1,2,5,2,1,3.9,2,75,365,0
1982,1,0,1,0,2,0,5,1,2,3.4,2,20,365,1
1983,1,1,0,1,2,0,6,1,1,4.2,2,81,365,0
1984,1,0,0,1,0,1,5,2,0,4.6,7,27,365,0
1985,0,1,1,1,1,2,3,1,0,4.9,2,70,365,1
1986,1,0,1,0,1,0,0,0,2,3.8,8,79,365,1
1987,0,0,0,1,2,1,3,0,1,4.8,1,53,365,1
1988,0,1,0,1,0,1,1,0,1,4.1,6,35,365,0
1989,1,0,1,0,2,0,3,2,1,3.7,3,44,365,1
1990,1,0,1,0,1,1,3,1,1,4.9,2,64,365,1
1991,1,1,1,0,0,1,4,2,0,4.4,6,33,365,0
1992,1,0,0,1,0,0,3,2,0,4.8,10,67,365,0
1993,0,1,1,1,1,0,1,2,2,4.1,8,68,365,1
1994,0,1,2,0,2,1,0,1,0,4.3,10,36,365,0
1995,1,1,2,1,0,1,6,2,1,4.7,0,26,365,1
1996,1,0,2,1,1,2,5,0,0,3.7,5,32,365,0
1997,0,0,1,0,1,2,5,2,1,3.2,4,19,365,1
1998,0,0,2,1,1,0,2,0,1,3.8,2,91,365,1
1999,0,0,2,0,1,2,2,0,1,3.6,6,50,365,1
2000,0,1,1,0,2,1,2,1,0,4.1,6,56,365,1
2001,1,1,2,0,2,1,0,0,0,3.6,7,54,365,1
2002,0,0,1,0,2,0,4,1,1,4.2,2,66,365,0
2003,1,1,0,1,1,1,1,2,2,4.2,7,58,365,1
2004,1,0,2,1,2,1,4,2,0,3.6,7,92,365,0
2005,1,1,1,0,2,2,5,0,2,3.9,2,24,365,0
2006,0,0,1,1,1,2,4,1,0,5.0,8,31,365,0
2007,1,0,1,0,0,1,6,1,2,3.5,3,41,365,1
2008,1,0,0,1,2,2,5,2,2,4.7,6,39,365,0
2009,1,0,2,1,0,1,3,1,2,3.7,10,61,365,0
2010,1,0,1,1,2,1,1,2,0,5.0,3,87,365,1
2011,1,1,1,0,1,0,5,1,2,3.1,10,80,365,0
2012,1,0,2,1,0,2,2,0,0,4.7,5,71,365,1
2013,0,1,2,0,2,1,3,1,0,3.3,9,83,365,0
2014,1,0,0,0,0,2,1,1,0,3.3,1,58,365,0
2015,0,1,0,0,1,2,1,0,2,3.5,2,45,365,0
2016,1,1,0,1,1,0,3,0,0,4.5,10,50,365,1
2017,0,0,0,0,1,1,3,2,1,4.7,3,67,365,0
2018,0,1,2,0,0,2,4,1,1,3.1,4,81,365,0
2019,0,1,2,1,1,1,3,0,1,4.4,8,52,365,1
2020,0,1,0,0,1,1,3,2,0,4.1,10,29,365,0
2021,1,0,0,1,2,0,4,2,0,3.4,7,28,365,0
2022,0,0,1,1,0,1,6,0,0,4.4,5,52,365,0
2023,1,0,2,1,0,2,4,0,2,4.5,1,31,365,1
2024,0,1,2,0,0,0,4,2,2,4.7,1,29,365,1
2025,1,0,2,1,2,1,3,0,1,4.1,4,47,365,0
2026,1,0,1,1,1,2,1,0,1,4.9,5,46,365,1
2027,0,1,2,0,1,1,4,0,0,5.0,4,61,365,0
2028,0,0,2,1,1,1,3,1,2,4.6,10,59,365,1
2029,0,1,0,0,2,2,4,0,1,4.1,0,80,365,1
2030,1,1,2,1,2,2,5,2,1,4.2,10,63,365,0
2031,0,1,1,0,2,0,6,0,1,4.9,1,82,365,1
2032,1,1,1,0,2,2,2,1,2,3.5,2,37,365,0
2033,1,1,2,0,1,0,2,1,2,3.3,8,58,365,0
2034,0,1,1,1,2,0,6,0,2,4.0,10,63,365,0
2035,0,0,1,0,0,2,6,0,1,4.7,8,35,365,1
2036,0,1,1,0,1,0,1,0,1,3.0,7,21,365,0
2037,1,0,0,1,1,1,1,1,0,3.1,1,83,365,0
2038,1,0,2,0,0,2,3,2,0,4.0,0,25,365,0
2039,1,1,2,0,0,1,2,2,0,3.3,9,65,365,0
2040,1,1,2,0,1,1,2,2,1,3.6,10,73,365,0
2041,1,0,0,1,1,1,2,1,2,4.7,4,67,365,1
2042,0,0,1,0,2,1,5,1,0,4.8,3,90,365,1
2043,1,1,2,0,2,0,5,1,2,3.0,10,74,365,0
2044,1,1,1,0,1,2,6,1,1,4.4,1,36,365,0
2045,1,0,2,0,2,0,5,0,2,3.0,2,68,365,1
2046,0,1,2,0,0,2,6,0,1,3.9,6,74,365,0
2047,0,1,0,0,0,2,6,0,1,4.4,9,64,365,0
2048,0,0,1,0,0,2,6,1,1,3.2,3,70,365,0
2049,1,1,1,0,0,1,4,2,1,4.7,6,92,365,0
2050,0,0,1,0,2,2,1,0,1,4.1,0,27,365,1
2051,1,1,1,0,1,1,2,2,1,3.9,1,38,365,1
2052,1,0,1,0,0,1,2,2,0,4.2,1,38,365,0
2053,0,0,0,1,2,2,1,2,1,3.5,10,40,365,0
2054,0,1,2,1,0,1,1,2,0,4.5,10,64,365,0
2055,0,1,1,0,1,0,6,1,0,4.3,10,84,365,0
2056,0,1,2,0,0,1,3,0,0,4.1,7,23,365,0
2057,0,0,2,0,2,0,0,2,0,5.0,4,67,365,0
2058,0,0,1,0,0,0,6,0,2,3.7,7,19,365,1
2059,0,1,1,1,1,2,1,1,2,4.8,5,43,365,0
2060,1,0,1,1,2,0,0,2,1,4.6,5,49,365,0
2061,1,1,1,1,0,0,1,1,0,4.3,2,72,365,0
2062,1,1,2,1,2,1,4,2,1,3.0,4,59,365,1
2063,0,0,2,0,0,0,3,2,1,3.5,6,75,365,0
2064,1,0,2,1,1,1,3,1,1,4.4,0,43,365,1
2065,0,1,0,0,0,0,5,1,0,3.1,10,90,365,1
2066,0,0,1,0,1,0,0,2,1,3.9,10,42,365,1
2067,0,1,2,1,1,0,3,2,2,3.6,2,89,365,1
2068,0,1,2,0,2,0,3,2,2,4.8,7,70,365,0
2069,1,1,1,0,0,1,0,0,2,4.1,10,35,365,0
2070,0,1,0,1,1,2,4,2,1,4.5,1,78,365,1
2071,0,1,2,0,2,0,4,2,2,3.7,8,89,365,0
2072,1,1,1,1,2,0,4,0,1,3.9,2,79,365,1
2073,0,0,1,0,2,2,1,1,2,4.5,9,30,365,1
2074,0,0,2,1,2,1,5,2,1,5.0,0,87,365,1
2075,0,1,2,1,1,2,1,2,0,4.2,4,68,365,1
2076,0,0,1,1,1,1,4,0,2,3.3,10,80,365,0
2077,1,1,0,1,0,0,3,1,2,4.8,10,38,365,0
2078,0,1,2,0,2,2,2,0,0,3.6,9,26,365,1
2079,0,1,2,0,2,2,1,1,2,4.6,9,75,365,0
2080,0,0,2,1,0,0,3,0,1,4.3,4,25,365,0
2081,1,1,0,0,2,0,4,0,1,4.1,10,78,365,0
2082,0,1,0,1,2,2,6,1,1,5.0,0,27,365,0
2083,0,1,2,1,1,1,1,1,2,4.6,6,49,365,1
2084,1,0,2,1,0,0,6,2,1,4.6,9,34,365,0
2085,0,1,2,1,1,2,3,2,2,3.7,1,63,365,0
2086,0,1,2,1,0,1,3,1,2,4.4,1,51,365,0
2087,1,1,0,0,1,1,5,2,2,4.2,1,39,365,1
2088,1,0,2,1,1,0,2,1,2,4.7,8,79,365,0
2089,1,1,1,0,1,0,0,2,0,3.4,3,71,365,0
2090,0,0,2,1,1,1,6,0,0,4.7,9,32,365,0
2091,0,1,1,1,0,0,1,0,0,3.9,9,83,365,0
2092,1,0,0,0,0,2,6,2,0,3.2,4,27,365,0
2093,0,0,0,0,0,0,6,2,0,4.9,0,29,365,1
2094,1,1,0,0,0,2,3,0,0,3.0,6,77,365,0
2095,1,0,1,0,2,0,2,2,2,4.5,9,22,365,0
2096,1,0,1,0,2,1,6,1,1,5.0,7,75,365,1
2097,1,0,0,0,1,2,3,0,1,3.6,8,28,365,1
2098,1,1,1,0,2,0,4,2,0,4.4,6,26,365,0
2099,1,0,0,0,1,1,3,0,1,4.7,4,54,365,1
2100,0,1,0,1,0,2,1,2,2,3.3,9,64,365,0
2101,1,1,2,0,0,1,2,1,1,4.3,0,20,365,0
2102,1,1,2,1,2,0,0,1,0,4.8,8,86,365,0
2103,1,0,0,0,0,2,1,1,2,4.1,2,27,365,1
2104,1,1,2,0,2,2,6,0,1,4.8,9,48,365,1
2105,1,1,1,1,2,2,4,0,1,3.5,0,43,365,0
2106,0,1,2,0,2,2,6,1,2,3.5,0,45,365,1
2107,1,0,0,1,1,1,2,1,0,3.7,5,50,365,1
2108,0,1,0,1,0,1,2,0,1,3.1,2,51,365,0
2109,1,0,1,0,0,0,2,0,2,3.8,4,60,365,0
2110,1,0,0,0,0,0,3,2,1,3.4,3,59,365,1
2111,1,0,1,1,1,1,3,2,0,3.1,10,39,365,1
2112,1,1,0,0,1,0,3,2,0,4.2,8,74,365,0
2113,1,0,0,0,1,2,5,2,1,4.5,5,92,365,1
2114,1,0,1,0,2,1,3,0,2,4.8,0,70,365,1
2115,0,0,0,0,0,0,1,2,2,4.0,10,25,365,0
2116,1,0,0,0,0,0,2,2,1,3.8,4,87,365,1
2117,0,1,2,1,2,0,5,0,2,4.6,5,42,365,0
2118,0,1,1,0,2,0,6,2,1,4.6,1,78,365,1
2119,1,1,0,1,1,0,0,0,1,5.0,7,31,365,0
2120,1,1,1,0,2,2,6,2,1,4.3,2,62,365,0
2121,1,0,0,1,1,1,1,1,0,4.5,3,86,365,1
2122,0,0,1,0,0,0,1,0,0,4.4,7,86,365,0
2123,0,1,1,0,2,2,5,0,1,3.1,6,38,365,0
2124,0,1,0,1,2,2,0,2,0,3.1,0,51,365,1
2125,1,1,2,1,0,1,6,1,0,3.3,1,41,365,0
2126,1,1,1,1,2,0,6,2,1,3.6,1,85,365,0
2127,0,0,0,1,1,2,0,2,1,4.3,9,45,365,0
2128,0,1,1,0,2,2,0,1,2,4.3,10,34,365,0
2129,0,0,2,0,2,2,5,0,0,3.0,4,69,365,1
2130,0,0,1,1,0,2,1,1,2,3.3,5,85,365,1
2131,0,1,0,0,0,2,4,0,1,4.8,8,41,365,0
2132,1,1,0,0,1,1,6,2,0,4.9,3,60,365,0
2133,0,0,2,1,0,2,6,1,1,4.5,8,91,365,1
2134,0,1,1,1,2,0,0,2,2,3.3,2,69,365,1
2135,1,0,2,1,2,0,2,1,0,3.8,1,87,365,0
2136,0,1,2,1,2,0,3,2,1,3.8,0,77,365,1
2137,0,1,0,0,1,2,5,1,0,3.7,4,27,365,0
2138,1,1,2,0,1,0,1,1,1,5.0,2,60,365,0
2139,1,0,0,1,1,1,3,2,0,4.4,3,63,365,0
2140,1,1,2,0,1,1,6,1,0,4.7,1,30,365,0
2141,1,1,1,0,0,2,1,0,2,3.2,5,26,365,1
2142,0,1,2,1,0,1,1,2,1,3.0,0,25,365,0
2143,1,0,0,0,0,2,2,0,1,3.1,0,34,365,1
2144,1,1,0,0,2,0,4,0,1,3.4,0,38,365,0
2145,0,0,2,1,0,1,1,0,2,4.3,6,58,365,0
2146,1,0,2,0,0,1,3,2,0,3.6,4,75,365,0
2147,1,1,2,0,2,0,4,0,0,3.7,10,55,365,1
2148,1,1,0,1,1,0,3,1,1,4.9,3,21,365,0
2149,0,1,1,1,0,0,1,0,1,4.7,5,26,365,0
2150,1,0,1,1,1,1,4,2,1,3.5,0,46,365,1
2151,1,1,2,1,1,1,4,0,2,4.2,0,29,365,1
2152,1,1,1,0,2,0,4,1,2,3.1,8,30,365,1
2153,0,1,1,1,2,1,0,2,0,4.3,10,69,365,0
2154,1,1,1,0,1,1,1,1,0,4.9,4,75,365,1
2155,0,0,2,1,2,0,6,0,1,4.1,3,41,365,0
2156,1,1,1,1,0,1,6,1,1,3.3,4,58,365,0
2157,0,0,1,0,2,0,3,2,1,4.2,7,67,365,1
2158,0,0,0,1,2,2,4,2,0,4.3,1,78,365,1
2159,1,1,1,0,2,1,2,1,1,4.4,1,88,365,0
2160,1,1,2,1,0,1,4,2,1,4.8,5,28,365,0
2161,1,0,2,0,2,2,3,1,0,4.0,7,66,365,0
2162,1,0,2,1,0,1,1,1,2,3.8,3,45,365,0
2163,1,1,0,0,2,2,6,0,2,4.3,5,69,365,1
2164,1,0,2,0,1,0,4,1,2,4.3,0,52,365,1
2165,0,0,1,1,1,0,6,2,0,4.8,4,67,365,1
2166,0,0,0,0,0,0,5,2,0,4.9,6,85,365,1
2167,1,1,1,1,0,2,0,1,0,3.7,0,20,365,1
2168,0,1,1,0,0,1,1,0,1,3.3,0,45,365,0
2169,1,0,1,1,1,0,6,0,1,4.3,8,30,365,1
2170,0,0,1,1,2,0,4,2,2,4.0,10,36,365,0
2171,0,1,0,0,2,0,3,0,0,4.8,10,63,365,0
2172,1,1,2,1,1,1,0,0,0,3.7,1,22,365,1
2173,1,0,1,0,2,2,2,0,1,4.6,10,58,365,0
2174,0,0,0,0,0,1,0,1,1,4.1,0,35,365,0
2175,1,1,0,1,0,1,4,1,2,4.4,8,85,365,0
2176,1,0,1,1,1,2,4,1,1,4.5,5,82,365,1
2177,1,1,1,0,2,1,1,2,0,4.6,2,90,365,0
2178,0,0,0,1,2,2,4,2,1,4.2,7,51,365,0
2179,1,0,1,1,0,1,0,1,0,4.4,5,48,365,1
2180,0,1,2,1,2,1,2,0,0,4.1,4,26,365,1
2181,0,0,2,0,0,1,1,0,0,3.3,9,40,365,0
2182,1,0,2,0,2,2,4,0,0,4.1,1,42,365,0
2183,0,0,1,0,0,2,4,2,1,4.5,10,59,365,0
2184,0,1,2,1,2,1,2,1,0,4.5,8,58,365,0
2185,1,1,0,0,0,0,0,1,1,4.1,3,61,365,0
2186,1,1,0,1,0,1,0,0,2,4.9,0,86,365,1
2187,0,0,2,1,2,0,4,0,2,4.6,0,78,365,0
2188,1,1,1,1,0,1,6,1,1,4.4,0,72,365,1
2189,0,1,0,0,2,1,3,1,0,3.0,8,78,365,0
2190,0,0,2,0,1,1,0,0,2,4.0,7,34,365,1
2191,0,0,0,0,1,0,0,2,2,3.7,3,92,365,0
2192,1,0,0,0,0,1,4,1,1,4.7,9,29,365,1
2193,0,0,2,1,2,0,1,1,0,3.6,5,20,365,1
2194,1,1,0,1,2,0,6,1,2,4.7,3,56,365,0
2195,0,0,0,1,1,2,0,1,0,3.4,3,43,365,0
2196,0,0,1,0,1,2,6,1,0,3.4,6,47,365,0
2197,0,0,1,1,1,0,4,2,1,4.2,8,29,365,0
2198,0,0,1,1,2,0,6,2,2,4.2,8,78,365,0
2199,0,1,0,0,1,0,3,1,2,3.0,8,36,365,0
2200,0,0,0,1,2,2,6,1,1,4.6,5,59,365,0
2201,0,0,2,0,0,2,3,0,2,4.8,0,73,365,0
2202,1,0,1,1,2,0,2,2,1,3.9,6,32,365,0
2203,1,1,0,0,0,2,2,2,2,4.9,5,56,365,0
2204,1,1,0,1,2,0,5,0,1,3.5,3,24,365,0
2205,1,0,1,0,2,2,4,1,2,3.5,6,49,365,0
2206,1,0,1,0,1,0,5,1,2,4.3,5,22,365,0
2207,1,1,2,0,2,1,0,1,2,4.5,1,60,365,0
2208,1,1,2,0,0,2,0,0,0,3.8,10,65,365,0
2209,0,0,1,1,0,2,2,1,0,4.4,8,24,365,1
2210,1,0,0,0,2,2,5,2,1,3.4,8,92,365,0
2211,0,1,1,1,2,1,0,2,2,4.9,10,30,365,1
2212,0,1,1,0,1,1,2,2,2,4.3,6,32,365,1
2213,0,1,1,1,2,2,4,2,2,4.5,0,41,365,1
2214,0,0,0,1,2,1,6,2,1,4.8,1,44,365,1
2215,0,0,0,0,2,0,5,1,1,3.0,4,34,365,1
2216,1,0,1,0,2,0,6,2,0,4.6,8,66,365,1
2217,0,0,1,0,2,1,2,1,2,4.3,5,54,365,1
2218,0,1,2,1,2,0,0,0,0,3.4,9,80,365,0
2219,0,0,2,0,1,2,6,2,1,4.7,10,70,365,1
2220,1,1,2,1,2,2,3,1,0,4.7,3,35,365,0
2221,0,1,2,0,0,0,1,2,0,3.5,7,74,365,0
2222,1,1,0,1,2,1,1,1,2,3.9,6,35,365,1
2223,1,0,0,0,0,1,1,0,1,3.1,0,30,365,0
2224,0,0,2,0,1,1,6,2,0,4.9,7,67,365,1
2225,0,1,1,0,0,0,4,0,0,4.0,9,76,365,0
2226,0,0,1,0,1,2,4,2,0,3.2,4,40,365,1
2227,0,0,0,1,1,0,6,2,2,3.4,1,23,365,0
2228,0,1,0,0,0,1,5,2,2,3.8,3,52,365,1
2229,0,0,0,1,2,2,2,0,2,4.8,0,55,365,0
2230,1,1,0,1,0,0,0,1,0,4.0,6,43,365,0
2231,0,1,1,1,2,2,4,1,0,4.9,6,40,365,0
2232,1,1,1,1,1,1,1,1,1,3.9,4,32,365,0
2233,0,1,2,1,0,0,4,1,0,3.1,4,64,365,0
2234,1,1,1,1,0,1,4,1,2,4.2,4,28,365,1
2235,0,1,1,1,2,1,5,1,1,3.6,4,22,365,0
2236,0,0,1,1,0,1,1,1,2,3.2,9,43,365,0
2237,0,1,2,0,1,1,4,2,2,3.3,10,60,365,0
2238,1,1,2,0,2,2,0,2,2,4.6,9,27,365,1
2239,0,1,1,1,2,1,1,2,2,4.6,2,90,365,0
2240,0,1,1,0,1,1,6,2,1,4.3,3,34,365,0
2241,0,0,1,0,0,0,1,2,0,4.1,3,79,365,1
2242,1,0,0,0,2,1,1,1,2,4.9,6,25,365,1
2243,1,0,1,0,2,2,6,1,1,3.9,1,73,365,0
2244,0,1,0,1,1,0,0,1,2,3.4,1,22,365,0
2245,0,1,0,0,2,0,4,1,1,3.7,3,39,365,1
2246,0,1,2,1,1,0,4,1,2,4.1,10,89,365,0
2247,0,0,1,0,1,1,1,1,0,4.7,10,48,365,1
2248,0,0,0,0,1,1,6,0,0,4.2,6,87,365,0
2249,0,1,2,1,1,0,2,2,0,3.6,0,30,365,0
2250,0,0,1,1,0,1,0,2,1,3.8,1,46,365,1
2251,1,0,1,1,2,2,1,1,1,4.7,0,32,365,0
2252,1,1,0,1,0,0,1,1,0,3.7,4,49,365,0
2253,0,0,0,1,1,2,2,2,0,4.1,5,76,365,1
2254,0,1,1,0,2,1,2,0,1,3.5,6,26,365,0
2255,0,0,1,0,0,1,4,0,1,3.8,6,81,365,0
2256,0,0,1,0,1,0,0,1,1,3.4,1,44,365,1
2257,1,1,2,1,2,0,3,0,1,4.4,1,82,365,0
2258,1,0,1,0,1,1,6,0,2,3.1,8,73,365,0
2259,0,0,1,0,2,0,5,2,1,3.5,8,49,365,0
2260,0,0,1,0,1,0,1,1,1,3.8,5,39,365,0
2261,1,0,2,0,2,1,4,2,1,3.5,5,52,365,1
2262,1,0,0,0,2,0,1,2,2,3.0,8,72,365,1
2263,0,0,0,0,1,1,1,0,2,3.6,1,36,365,1
2264,1,0,2,0,0,1,6,1,1,3.1,5,90,365,1
2265,0,0,0,1,1,0,6,1,1,3.9,3,46,365,1
2266,1,0,2,1,2,2,5,2,2,4.9,7,37,365,1
2267,1,1,1,1,0,1,3,1,2,3.8,1,88,365,0
2268,1,1,1,0,0,2,5,0,2,4.5,3,79,365,1
2269,0,1,0,1,0,0,6,0,2,3.9,1,76,365,0
2270,1,1,2,1,1,1,3,1,1,3.6,9,77,365,1
2271,0,0,1,0,0,0,3,2,0,4.5,10,89,365,1
2272,1,0,1,0,2,1,2,0,1,3.9,3,81,365,1
2273,0,0,2,1,1,0,2,2,1,4.2,0,61,365,1
2274,1,1,0,1,2,2,0,2,2,3.1,6,72,365,0
2275,1,0,1,1,2,2,1,0,0,4.2,3,74,365,1
2276,0,0,2,1,1,1,2,0,1,4.6,5,46,365,0
2277,1,0,0,0,1,2,4,2,2,4.2,4,45,365,1
2278,0,1,2,0,2,0,3,0,2,4.8,5,58,365,0
2279,1,1,0,0,2,1,4,0,1,3.3,4,21,365,0
2280,1,0,0,0,1,2,3,1,0,4.2,5,38,365,0
2281,1,0,0,0,1,2,2,0,2,4.5,1,87,365,1
2282,1,0,2,1,1,1,4,2,2,4.3,9,25,365,0
2283,0,0,0,0,2,2,0,2,0,3.6,8,65,365,0
2284,1,0,0,1,2,0,2,2,2,3.9,7,57,365,0
2285,1,0,2,1,2,1,5,0,1,4.6,8,45,365,0
2286,1,1,1,1,0,1,5,0,1,3.9,7,40,365,1
2287,1,1,1,1,1,0,2,0,1,3.7,9,21,365,0
2288,1,0,1,1,2,2,1,0,1,4.0,2,27,365,0
2289,0,1,2,1,0,0,0,0,2,4.8,5,61,365,1
2290,0,0,0,0,0,0,4,1,1,3.3,8,37,365,0
2291,1,1,2,0,0,2,4,2,0,3.8,7,58,365,0
2292,0,0,1,1,2,0,5,1,0,4.4,1,73,365,1
2293,1,0,2,1,1,1,0,2,1,4.8,7,87,365,0
2294,0,1,0,1,0,2,6,0,2,4.6,10,54,365,1
2295,0,0,0,0,0,2,0,1,0,4.0,8,19,365,0
2296,0,1,0,1,1,2,1,0,1,3.3,8,71,365,1
2297,0,0,2,0,1,1,4,1,1,3.9,5,37,365,0
2298,0,0,0,0,2,1,3,2,0,4.6,6,35,365,0
2299,1,0,2,1,2,0,6,2,0,4.6,2,83,365,0
2300,0,0,0,1,1,0,6,2,2,3.6,9,55,365,0
2301,1,1,1,0,0,0,1,2,1,4.9,1,78,365,0
2302,0,0,2,1,0,2,4,0,1,3.0,1,83,365,0
2303,0,0,1,1,1,2,1,1,2,4.0,0,80,365,1
2304,0,0,0,1,2,2,3,1,2,4.1,4,82,365,1
2305,0,1,0,0,0,1,1,0,0,4.6,3,33,365,1
2306,1,0,0,1,2,0,0,2,1,5.0,1,36,365,0
2307,0,1,0,1,1,1,4,1,1,5.0,1,86,365,1
2308,1,0,1,1,2,0,2,2,0,4.7,1,42,365,0
2309,1,1,0,0,0,0,2,1,0,4.3,1,65,365,0
2310,1,0,2,0,2,0,0,2,1,4.7,5,76,365,1
2311,0,1,0,1,2,0,0,2,1,3.9,8,89,365,0
2312,1,0,0,1,0,2,3,0,0,3.2,8,58,365,0
2313,0,1,1,1,1,1,1,0,2,4.2,9,65,365,0
2314,0,1,0,0,1,1,1,1,1,4.5,7,90,365,1
2315,0,0,2,1,1,0,2,2,2,4.3,6,67,365,0
2316,1,1,2,1,2,2,4,0,0,4.2,7,55,365,1
2317,0,0,0,1,0,0,3,2,1,4.2,2,85,365,0
2318,0,1,0,0,1,1,0,2,1,3.8,7,31,365,0
2319,0,0,2,0,0,1,2,0,1,4.5,5,20,365,1
2320,1,0,2,1,0,2,6,0,0,4.1,5,36,365,0
2321,0,1,0,1,2,1,1,1,0,3.4,0,25,365,1
2322,0,1,2,1,2,1,2,1,2,3.0,4,27,365,0
2323,1,1,2,0,1,0,6,1,2,4.7,9,89,365,1
2324,1,1,2,1,1,2,1,0,0,3.7,0,89,365,1
2325,1,0,1,0,1,1,1,2,2,4.0,9,68,365,0
2326,1,1,2,1,2,2,5,2,0,4.1,0,29,365,1
2327,1,1,0,1,2,0,4,2,0,3.9,10,56,365,1
2328,1,0,0,1,1,2,1,1,1,4.9,9,80,365,1
2329,0,1,0,0,2,2,2,2,2,4.7,6,40,365,0
2330,0,1,2,1,2,0,6,0,2,4.4,1,43,365,1
2331,1,1,0,1,1,2,6,1,1,3.0,2,67,365,1
2332,1,1,2,1,0,0,3,1,2,3.0,2,39,365,0
2333,1,0,0,0,0,2,3,1,2,3.5,8,35,365,1
2334,1,1,0,0,0,0,4,0,0,4.9,8,84,365,0
2335,0,1,2,0,2,1,2,2,0,4.2,2,21,365,0
2336,0,1,1,0,0,1,2,2,1,3.6,9,82,365,1
2337,0,0,2,1,2,0,0,0,0,4.2,9,21,365,0
2338,0,1,0,1,0,1,5,2,0,3.6,5,56,365,0
2339,0,0,0,1,0,0,5,0,0,3.2,1,58,365,0
2340,1,0,1,0,0,0,3,0,0,3.1,7,29,365,1
2341,1,0,0,1,1,0,0,1,1,4.7,1,41,365,1
2342,1,1,2,0,2,0,4,1,2,3.7,5,45,365,0
2343,1,0,1,1,2,2,2,2,0,5.0,3,34,365,0
2344,0,1,2,0,2,2,6,1,2,4.3,8,72,365,1
2345,0,1,1,0,0,0,1,1,1,3.4,1,86,365,1
2346,0,1,1,1,1,1,1,2,0,4.2,0,31,365,0
2347,1,1,0,1,0,0,2,1,2,3.2,0,21,365,1
2348,1,1,2,0,0,0,2,2,1,4.8,6,86,365,1
2349,0,1,1,1,2,2,1,2,1,4.9,8,87,365,0
2350,1,1,2,1,0,2,4,2,2,3.5,4,86,365,0
2351,0,0,1,0,1,1,1,1,0,4.3,6,21,365,0
2352,0,1,1,0,1,2,6,1,0,4.3,0,35,365,0
2353,1,1,1,1,0,0,2,2,1,3.1,2,88,365,0
2354,0,0,0,0,1,1,3,2,0,4.6,0,89,365,1
2355,0,1,2,1,2,2,6,1,2,4.5,8,46,365,1
2356,0,1,2,1,2,2,0,2,2,4.1,2,83,365,0
2357,1,0,2,1,2,1,4,1,0,4.0,9,33,365,0
2358,0,1,0,1,1,0,6,0,0,4.0,1,21,365,1
2359,1,0,0,0,2,0,4,0,2,3.7,9,38,365,0
2360,0,0,1,1,1,0,6,2,2,4.9,8,76,365,1
2361,0,0,2,1,0,1,3,1,1,3.7,3,35,365,1
2362,0,0,1,1,0,2,0,2,0,3.5,4,68,365,1
2363,0,1,0,0,0,0,2,2,2,5.0,10,37,365,1
2364,0,0,1,1,2,0,0,1,2,4.3,4,44,365,1
2365,1,1,1,1,0,1,4,1,1,3.6,8,71,365,0
2366,1,0,0,0,2,2,4,0,2,4.9,0,34,365,0
2367,1,1,0,0,0,2,2,2,0,3.2,3,51,365,0
2368,0,1,0,1,2,1,1,0,0,3.0,0,31,365,0
2369,0,1,0,0,1,1,3,2,2,3.5,1,24,365,1
2370,1,1,1,1,1,0,3,1,0,3.9,9,36,365,0
2371,1,0,0,0,0,2,4,0,1,4.3,3,88,365,1
2372,1,1,0,1,2,2,0,2,1,4.0,5,44,365,0
2373,0,0,2,0,1,1,5,2,1,3.5,2,26,365,1
2374,1,0,1,1,0,0,6,1,2,3.3,9,31,365,1
2375,0,1,1,1,2,2,4,2,0,4.4,10,55,365,0
2376,1,1,2,1,0,1,0,2,1,4.4,5,26,365,0
2377,0,0,1,1,0,2,0,1,0,4.9,0,59,365,0
2378,1,0,1,1,1,0,6,0,1,4.7,10,78,365,0
2379,0,1,2,0,2,0,2,2,2,4.0,0,62,365,1
2380,0,0,0,0,2,0,6,1,1,3.8,2,89,365,1
2381,0,0,0,0,2,0,0,1,1,4.0,9,33,365,0
2382,1,0,0,1,1,1,2,2,0,3.4,5,42,365,0
2383,1,1,2,1,0,0,3,2,0,4.1,2,58,365,0
2384,0,1,2,0,0,1,3,0,2,4.5,4,85,365,1
2385,1,0,2,0,0,0,3,2,1,3.9,8,64,365,1
2386,0,0,1,1,0,0,5,2,0,3.5,5,19,365,1
2387,1,0,1,1,0,0,1,2,1,3.1,10,47,365,1
2388,0,0,0,0,0,1,0,1,0,4.5,3,90,365,0
2389,0,0,1,1,1,2,1,2,0,3.1,6,24,365,0
2390,0,1,1,1,0,2,0,1,2,3.4,4,25,365,1
2391,0,0,1,1,0,2,0,0,1,3.4,0,27,365,1
2392,1,1,0,0,1,0,5,1,0,4.5,3,49,365,0
2393,0,1,1,1,0,1,3,0,2,4.6,10,27,365,1
2394,0,0,1,0,2,1,3,1,0,3.5,0,83,365,1
2395,1,1,0,0,2,2,3,2,0,3.1,3,51,365,0
2396,1,0,1,0,0,2,4,2,2,3.9,5,60,365,0
2397,0,0,2,1,0,1,5,2,1,3.4,0,75,365,0
2398,0,1,0,0,0,2,3,2,2,4.5,10,67,365,1
2399,0,1,1,0,2,2,5,1,0,4.0,6,25,365,0
2400,1,0,0,0,1,2,6,0,1,3.1,4,41,365,0
2401,1,1,0,1,2,1,1,0,1,3.5,5,82,365,0
2402,0,1,2,0,0,2,1,2,0,4.7,10,54,365,0
2403,0,1,0,0,0,1,1,1,0,4.5,1,86,365,0
2404,1,0,2,0,1,1,3,1,0,3.1,3,49,365,0
2405,0,0,0,1,0,1,0,0,2,4.8,1,86,365,1
2406,1,0,1,1,1,0,0,1,0,4.0,4,43,365,0
2407,0,0,2,1,1,0,1,1,0,3.2,10,40,365,0
2408,0,1,2,1,2,2,5,0,2,4.0,8,60,365,1
2409,1,1,1,1,1,1,3,1,0,4.9,0,66,365,0
2410,0,0,0,1,1,2,2,1,2,4.4,10,73,365,0
2411,1,0,1,1,2,0,1,2,1,3.3,5,34,365,1
2412,1,0,0,1,2,1,2,1,1,3.6,4,53,365,1
2413,1,1,2,0,2,2,4,0,0,3.5,6,58,365,1
2414,1,0,1,0,2,1,6,2,1,4.7,10,66,365,0
2415,0,1,0,1,2,0,3,1,0,3.5,6,63,365,0
2416,0,1,0,0,2,2,0,2,0,3.6,8,53,365,1
2417,0,1,2,0,2,0,2,1,1,4.4,1,30,365,1
2418,1,0,1,1,1,2,5,2,0,4.8,7,72,365,1
2419,1,1,1,1,1,2,5,2,2,3.5,5,88,365,1
2420,1,0,0,1,0,0,3,1,2,4.0,10,21,365,0
2421,0,1,2,1,1,1,2,2,1,3.2,0,84,365,1
2422,0,0,2,1,0,2,6,2,0,3.3,1,51,365,1
2423,1,0,2,1,0,2,1,1,1,4.2,4,20,365,1
2424,1,0,1,1,0,0,2,2,2,3.4,1,44,365,0
2425,1,1,1,0,0,0,5,1,2,3.5,8,62,365,0
2426,1,0,1,0,0,0,4,1,1,4.9,6,48,365,0
2427,0,0,2,0,1,0,3,0,0,3.1,7,52,365,0
2428,0,0,2,0,1,2,6,2,2,4.7,0,59,365,0
2429,1,1,1,0,0,1,3,0,2,4.7,2,32,365,0
2430,0,0,1,1,1,1,1,0,2,3.4,2,52,365,0
2431,0,1,0,1,0,2,5,0,2,4.6,7,56,365,0
2432,1,1,1,1,2,1,0,0,1,4.1,7,84,365,1
2433,1,1,2,1,2,0,1,2,0,4.6,8,27,365,1
2434,0,1,2,1,2,2,6,2,0,4.6,1,77,365,1
2435,1,1,0,0,0,1,1,2,0,4.7,6,69,365,0
2436,1,0,0,0,2,1,4,1,0,5.0,2,50,365,1
2437,1,0,1,0,1,0,1,1,2,3.9,6,67,365,0
2438,1,1,2,1,0,1,0,2,0,3.1,8,55,365,1
2439,0,1,1,1,0,0,4,2,2,4.5,8,46,365,1
2440,0,0,1,1,0,0,1,2,0,3.0,6,70,365,0
2441,1,1,2,1,1,0,3,0,2,4.1,8,52,365,0
2442,1,0,0,0,2,1,3,0,1,3.0,7,86,365,0
2443,0,1,1,1,2,1,5,2,1,4.9,1,42,365,1
2444,1,0,2,1,0,0,4,2,2,4.3,1,63,365,0
2445,0,0,1,0,2,1,6,0,1,4.4,2,88,365,1
2446,1,0,2,0,2,2,5,0,0,3.4,6,65,365,0
2447,0,0,2,0,1,2,6,2,2,3.8,6,64,365,1
2448,1,0,2,1,1,1,0,0,0,4.1,7,90,365,0
2449,1,1,0,0,1,2,0,1,2,3.2,10,43,365,0
2450,1,1,1,1,2,2,5,0,1,4.1,0,44,365,0
2451,0,1,2,0,1,2,1,2,0,3.1,1,25,365,0
2452,1,0,0,1,1,2,2,1,1,3.8,8,47,365,0
2453,0,1,1,1,0,1,1,1,0,4.1,1,85,365,0
2454,0,1,1,0,0,0,6,0,2,3.4,8,32,365,1
2455,1,0,0,0,0,1,2,0,0,4.3,4,50,365,0
2456,0,0,1,0,0,0,4,1,1,3.7,8,53,365,1
2457,0,0,1,1,1,1,5,0,2,4.0,4,61,365,1
2458,0,1,2,1,2,0,4,1,1,3.5,9,32,365,0
2459,1,0,2,0,2,2,6,0,0,4.8,3,40,365,0
2460,1,0,2,1,2,0,2,0,0,3.7,3,81,365,0
2461,0,0,0,1,2,1,4,0,2,3.3,9,49,365,0
2462,0,1,0,0,1,0,5,0,0,3.1,6,73,365,0
2463,0,1,1,1,0,2,0,2,0,3.3,10,78,365,1
2464,1,1,2,1,2,2,4,2,2,3.1,3,39,365,1
2465,1,0,0,1,1,1,3,0,1,4.8,8,37,365,0
2466,1,0,1,0,1,2,2,2,0,4.8,7,39,365,1
2467,1,1,0,0,1,0,3,1,2,4.1,5,54,365,0
2468,0,0,2,0,1,1,5,0,2,3.5,0,74,365,0
2469,0,1,1,0,0,1,4,1,0,3.1,3,91,365,0
2470,1,1,1,1,2,1,1,1,2,4.4,1,58,365,1
2471,0,1,1,1,0,1,3,0,0,4.7,2,64,365,0
2472,1,0,0,1,1,1,3,2,0,3.6,7,86,365,0
2473,1,1,2,0,1,0,5,1,2,3.3,8,81,365,0
2474,1,1,0,1,1,1,6,1,2,3.4,6,44,365,1
2475,0,1,0,1,0,2,6,1,0,4.0,7,35,365,1
2476,0,0,0,1,2,2,5,0,1,4.0,5,64,365,0
2477,1,0,0,1,1,2,2,2,0,4.5,6,88,365,0
2478,1,0,2,1,0,2,5,0,1,3.7,8,28,365,1
2479,0,1,0,1,1,0,4,1,2,4.2,6,77,365,1
2480,0,0,1,0,0,2,5,0,0,4.6,10,90,365,1
2481,1,0,2,1,0,2,0,2,0,3.6,4,60,365,1
2482,1,1,1,1,1,2,5,0,1,3.8,0,59,365,1
2483,1,1,2,1,1,2,5,2,2,5.0,2,64,365,1
2484,1,1,0,1,0,2,0,0,1,3.8,8,84,365,1
2485,1,0,0,1,0,2,0,0,2,3.6,1,69,365,0
2486,1,1,2,0,2,2,5,0,0,3.1,8,43,365,0
2487,1,0,0,1,2,2,6,2,0,4.4,2,52,365,0
2488,1,1,1,1,2,2,6,1,2,4.9,9,20,365,0
2489,1,0,2,1,0,2,0,1,2,4.4,7,59,365,1
2490,0,1,1,0,1,0,1,0,2,4.5,6,83,365,0
2491,1,0,2,1,1,1,4,2,2,4.1,4,43,365,0
2492,0,0,0,0,2,0,4,1,0,4.7,6,84,365,1
2493,0,1,2,1,2,0,1,0,2,5.0,4,63,365,0
2494,1,1,1,1,1,2,3,1,1,4.1,8,75,365,0
2495,0,1,2,1,0,1,2,1,1,4.9,2,57,365,1
2496,0,1,0,0,0,0,2,0,1,4.0,0,44,365,0
2497,1,1,2,0,0,1,0,2,0,4.9,8,53,365,1
2498,1,0,2,0,2,2,2,1,2,3.4,7,59,365,0
2499,1,1,2,1,2,0,0,0,2,3.3,9,52,365,1
